image_id,image_path,caption_1,caption_2,caption_3,caption_4,chart_id,chart_uid,edicion,source_page_pdf,source_report,tiene_oracion,fuente_oracion,caption_4_prev,caption_4_fuente
2021-1_img_000,images/2021-1_grafico_000_I_A_1.png,Grafico I.A.1: Crecimiento economico global,Crecimiento economico global,"El grafico muestra crecimiento economico global. Segun el reporte, En octubre del ano pasado el FMI esperaba que la contraccion fuese de 4.4%, pero la recuperacion de los paises a partir de la segunda mitad del ano pasado, unido al inicio de las campanas de vacunacion y al impulso fiscal, habria reducido el impacto economico global de la pandemia y permiten vislumbrar una recuperacion mas fuerte de lo que se esperaba hace seis meses.","Grafico de barras agrupadas que compara la variacion porcentual anual del PBI real en 2020 y las proyecciones para 2021 y 2022 en siete agrupaciones: mundo, economias desarrolladas, EE.UU., zona euro, economias emergentes, China y America Latina. En 2020 casi todas las barras son negativas —el mundo cae 3.3%, la zona euro 6.6% y America Latina alrededor de 7%— con China como unica excepcion en terreno positivo (2.3%). Para 2021 las barras proyectan un rebote generalizado encabezado por China (8.4%) y EE.UU. (6.4%), con el mundo en 6%. En 2022 el crecimiento proyectado se modera en todas las regiones.",I.A.1,2021-1|I.A.1,2021-1,21,"SBS - Informe de Estabilidad del Sistema Financiero, 2021-1",1.0,parrafo_previo,"Crecimiento economico global. En octubre del ano pasado el FMI esperaba que la contraccion fuese de 4.4%, pero la recuperacion de los paises a partir de la segunda mitad del ano pasado, unido al inicio de las campanas de vacunacion y al impulso fiscal, habria reducido el impacto economico global de la pandemia y permiten vislumbrar una recuperacion mas fuerte de lo que se esperaba hace seis meses.",lectura_visual_claude
2021-1_img_001,images/2021-1_grafico_001_I_A_2.png,Grafico I.A.2: Nivel de PBI en terminos reales,Nivel de PBI en terminos reales,"El grafico muestra nivel de pbi en terminos reales. Segun el reporte, En el caso de China, ya habria superado sus niveles pre-pandemia desde el 2020 ante la rapida contencion en el avance del virus; mientras que en el caso de Estados Unidos habria alcanzado dicho nivel desde inicios de 2021 (ver Grafico I.A.2), debido a la respuesta fiscal y monetaria sin precedentes que ha implementado y que se estima se mantendria los proximos anos.","Grafico de lineas que muestra el nivel del PBI real como indice con base 2019=100, con proyecciones hasta 2026, para el mundo, EE.UU., la zona euro, China y America Latina, y una linea horizontal de referencia en 100 que marca el nivel prepandemia. Todas las curvas caen en 2020 salvo la de China, que ya supera el nivel 100 ese mismo ano y se despega del resto hasta acercarse a 140 al final del horizonte. EE.UU. recupera el nivel 100 hacia inicios de 2021, mientras la zona euro y America Latina lo alcanzan recien alrededor de 2022 y quedan como las trayectorias mas bajas.",I.A.2,2021-1|I.A.2,2021-1,22,"SBS - Informe de Estabilidad del Sistema Financiero, 2021-1",1.0,cita_explicita,"Nivel de PBI en terminos reales. En el caso de China, ya habria superado sus niveles pre-pandemia desde el 2020 ante la rapida contencion en el avance del virus; mientras que en el caso de Estados Unidos habria alcanzado dicho nivel desde inicios de 2021 , debido a la respuesta fiscal y monetaria sin precedentes que ha implementado y que se estima se mantendria los proximos anos.",lectura_visual_claude
2021-1_img_002,images/2021-1_grafico_002_I_A_3.png,Grafico I.A.3: Rentabilidad de los bonos a 10 anos,Rentabilidad de los bonos a 10 anos,"El grafico muestra rentabilidad de los bonos a 10 anos. Segun el reporte, Este contexto, ha permitido que se reduzca el riesgo global, reflejandose en un incremento de los indices bursatiles y en la apreciacion del dolar frente a otras monedas.","Grafico de lineas con la rentabilidad de los bonos de gobierno a 10 anos de EE.UU., Alemania y otras economias desarrolladas entre 2020 y abril de 2021, en porcentaje. La curva de EE.UU. cae hasta un minimo cercano a 0.5% a mediados de 2020 y luego sube con fuerza desde fines de ese ano hasta ubicarse entre 1.6% y 1.7%, el movimiento mas pronunciado del panel. La rentabilidad alemana permanece todo el periodo en terreno negativo, alrededor de -0.6% a -0.3%, con una suba leve al final, mientras la tercera curva se mantiene apenas por encima de cero con poca variacion.",I.A.3,2021-1|I.A.3,2021-1,23,"SBS - Informe de Estabilidad del Sistema Financiero, 2021-1",1.0,parrafo_previo,"Rentabilidad de los bonos a 10 anos. Este contexto, ha permitido que se reduzca el riesgo global, reflejandose en un incremento de los indices bursatiles y en la apreciacion del dolar frente a otras monedas.",lectura_visual_claude
2021-1_img_003,images/2021-1_grafico_003_I_A_4.png,Grafico I.A.4: Cotizaciones internacionales de commodities,Cotizaciones internacionales de commodities,"El grafico muestra cotizaciones internacionales de commodities. Segun el reporte, Ello tiene efecto sobre los costos de importacion y precios domesticos para paises como el Peru, lo que podria representar mayores presiones al alza sobre los precios locales.","Grafico de lineas con las cotizaciones internacionales de commodities expresadas como indice, cubriendo cobre, oro y petroleo WTI entre inicios de 2020 y abril de 2021. El petroleo muestra el desplome mas profundo, hundiendose en abril de 2020 a una fraccion de su nivel inicial, y luego una recuperacion sostenida que lo devuelve por encima del punto de partida. El cobre cae moderadamente al inicio y despues sube casi sin pausa hasta cerrar como la linea mas alta, cerca de duplicar su nivel inicial. El oro sube durante 2020, alcanza su maximo hacia agosto y luego cede parte del avance.",I.A.4,2021-1|I.A.4,2021-1,24,"SBS - Informe de Estabilidad del Sistema Financiero, 2021-1",1.0,parrafo_previo,"Cotizaciones internacionales de commodities. Ello tiene efecto sobre los costos de importacion y precios domesticos para paises como el Peru, lo que podria representar mayores presiones al alza sobre los precios locales.",lectura_visual_claude
2021-1_img_004,images/2021-1_grafico_004_I_A_5.png,Grafico I.A.5: Casos diarios de COVID-19 a nivel global e Indice de restriccion de movilidad,Casos diarios de COVID-19 a nivel global e Indice de restriccion de movilidad,"El grafico muestra casos diarios de covid-19 a nivel global e indice de restriccion de movilidad. Segun el reporte, No obstante, hasta el momento las nuevas medidas focalizadas han tenido un efecto acotado en la movilizacion y en la actividad economica.","Grafico combinado de casos diarios de COVID-19 a nivel global (area o barras, en miles) y del indice de restriccion de movilidad (linea, escala 0-100) entre 2020 y abril de 2021. Se distinguen olas sucesivas de contagios: una primera meseta a mediados de 2020, un pico mucho mayor entre diciembre de 2020 y enero de 2021 y un repunte comparable en abril de 2021, con maximos en torno a los cientos de miles de casos diarios. La linea de restricciones salta a su maximo, cerca de 80, en abril de 2020 y luego desciende y se estabiliza en un rango de 60 a 70 pese a las nuevas olas.",I.A.5,2021-1|I.A.5,2021-1,25,"SBS - Informe de Estabilidad del Sistema Financiero, 2021-1",1.0,parrafo_previo,"Casos diarios de COVID-19 a nivel global e Indice de restriccion de movilidad. No obstante, hasta el momento las nuevas medidas focalizadas han tenido un efecto acotado en la movilizacion y en la actividad economica.",lectura_visual_claude
2021-1_img_005,images/2021-1_grafico_005_I_A_6.png,Grafico I.A.6: Empleo en Lima Metropolitana,Empleo en Lima Metropolitana,"El grafico muestra empleo en lima metropolitana. Segun el reporte, Asi, en marzo la caida anual fue de 9.3% luego de haber experimentado una caida anual de 13% el ultimo trimestre de 2020. 20 Ministerio de Economia y Finanzas, Informe de Actualizacion de Proyecciones Macroeconomicas 2021 – 2024, abril 2021. Pagina 24 Grafico I.A.6 Empleo en Lima Metropolitana (Variacion porcentual anual) 30 20 10 0 -10 -20 -30 -40 -50 -60 -70 Nov Mar May Ago Ene-20 Dic Mar Feb Ene-21 Abr Jun Jul Set Oct Feb Total Adecuado Subempleo Fuente: Banco Central de Reserva del Peru Se debe considerar que la velocidad de reactivacion de la economia para este ano podria verse afectada por demoras en la campana de vacunacion o un incremento en la incertidumbre politica.","Grafico de lineas con la variacion porcentual anual del empleo en Lima Metropolitana entre enero de 2020 y marzo de 2021, con tres series: total, empleo adecuado y subempleo, en una escala que va de +30 a -70. Las tres caen de forma abrupta en el segundo trimestre de 2020: el empleo adecuado toca fondo cerca de -60% y el total alrededor de -55%. Luego sigue una recuperacion gradual pero incompleta: el total cierra en marzo de 2021 con una caida anual cercana a -9%, el adecuado sigue claramente negativo, mientras el subempleo rebota antes y llega a terreno positivo, reflejando el deterioro en la calidad del empleo.",I.A.6,2021-1|I.A.6,2021-1,26,"SBS - Informe de Estabilidad del Sistema Financiero, 2021-1",1.0,cita_explicita,"Empleo en Lima Metropolitana. Asi, en marzo la caida anual fue de 9.3% luego de haber experimentado una caida anual de 13% el ultimo trimestre de 2020. 20 Ministerio de Economia y Finanzas, Informe de Actualizacion de Proyecciones Macroeconomicas 2021 – 2024, abril 2021. Pagina 24 Grafico I.A.6 Empleo en Lima Metropolitana 30 20 10 0 -10 -20 -30 -40 -50 -60 -70 Nov Mar May Ago Ene-20 Dic Mar Feb Ene-21 Abr Jun Jul Set Oct Feb Total Adecuado Subempleo Fuente: Banco Central de Reserva del Peru Se debe considerar que la velocidad de reactivacion de la economia para este ano podria verse afectada por demoras en la campana de vacunacion o un incremento en la incertidumbre politica.",lectura_visual_claude
2021-1_img_006,images/2021-1_grafico_006_I_A_7.png,Grafico I.A.7: Fallecidos por COVID-19 en Peru,Fallecidos por COVID-19 en Peru,"El grafico muestra fallecidos por covid-19 en peru. Segun el reporte, Por el lado sanitario el numero de contagios en Peru ascendio a 1.8 millones 21 de personas y finalmente se habria pasado el pico de la segunda ola, alcanzado a fines de abril (ver Grafico I.A.7).","Grafico de linea o area con los fallecidos diarios por COVID-19 en el Peru desde marzo de 2020 hasta abril-mayo de 2021, en promedio movil. Se observan dos olas bien definidas: la primera crece hasta un maximo hacia agosto de 2020 y luego desciende de manera sostenida hasta fin de ano; la segunda comienza a inicios de 2021 y escala hasta un pico en abril de 2021 que supera al de la primera ola, llegando a niveles diarios en torno a los varios cientos de fallecidos. Al cierre de la serie la curva empieza a doblarse hacia abajo, consistente con haber pasado el pico de la segunda ola.",I.A.7,2021-1|I.A.7,2021-1,27,"SBS - Informe de Estabilidad del Sistema Financiero, 2021-1",1.0,cita_explicita,"Fallecidos por COVID-19 en Peru. Por el lado sanitario el numero de contagios en Peru ascendio a 1.8 millones 21 de personas y finalmente se habria pasado el pico de la segunda ola, alcanzado a fines de abril .",lectura_visual_claude
2021-1_img_007,images/2021-1_grafico_007_I_A_8.png,Grafico I.A.8: Tipo de cambio durante el periodo electoral,Tipo de cambio durante el periodo electoral,"El grafico muestra tipo de cambio durante el periodo electoral. Segun el reporte, Pagina 25 Grafico I.A.7 Fallecidos por COVID-19 en Peru (Numero de personas por semana) 2500 2000 1500 1000 500 0 2021-2 2021-5 2021-8 2020-10 2020-13 2020-16 2020-19 2020-22 2020-25 2020-28 2020-31 2020-34 2020-37 2020-40 2020-43 2020-46 2020-49 2020-52 2021-11 2021-14 2021-17 Nacional Otras regiones Lima Met. y Callao Fuente: MINSA Grafico I.A.8 Tipo de cambio durante el periodo electoral (Indice 100 = Enero de cada ano) 108 106 104 102 100 98 96 94 92 8-May 13-Mar 27-Mar 22-May 5-Jun 2-Ene 13-Feb 27-Feb 10-Abr 24-Abr 19-Jun 16-Ene 30-Ene 2006 2011 2016 2021 Fuente: Banco Central de Reserva del Peru Pagina 26 I.B.","Grafico de evolucion de la vacunacion contra el COVID-19 en el Peru durante los primeros meses de 2021, con series acumuladas de personas o dosis aplicadas (primera y segunda dosis) desde el arranque de la campana en febrero. Las curvas parten de cero, avanzan lentamente en febrero y marzo y aceleran su pendiente desde abril, cuando se amplia la vacunacion a adultos mayores; hacia mayo el acumulado se acerca a los dos millones de personas con al menos una dosis, con la serie de segunda dosis por debajo y rezagada algunas semanas respecto de la primera.",I.A.8,2021-1|I.A.8,2021-1,27,"SBS - Informe de Estabilidad del Sistema Financiero, 2021-1",1.0,cita_explicita,Tipo de cambio durante el periodo electoral. Pagina 25 Grafico I.A.7 Fallecidos por COVID-19 en Peru 2500 2000 1500 1000 500 0 2021-2 2021-5 2021-8 2020-10 2020-13 2020-16 2020-19 2020-22 2020-25 2020-28 2020-31 2020-34 2020-37 2020-40 2020-43 2020-46 2020-49 2020-52 2021-11 2021-14 2021-17 Nacional Otras regiones Lima Met. y Callao Fuente: MINSA Grafico I.A.8 Tipo de cambio durante el periodo electoral 108 106 104 102 100 98 96 94 92 8-May 13-Mar 27-Mar 22-May 5-Jun 2-Ene 13-Feb 27-Feb 10-Abr 24-Abr 19-Jun 16-Ene 30-Ene 2006 2011 2016 2021 Fuente: Banco Central de Reserva del Peru Pagina 26 I.B.,lectura_visual_claude
2021-1_img_008,images/2021-1_grafico_008_I_B_1.png,Grafico I.B.1: Sistema financiero: saldo de creditos directos,Sistema financiero: saldo de creditos directos,"El grafico muestra sistema financiero: saldo de creditos directos. Segun el reporte, Sin estos programas, las coloraciones del sistema financiero estarian decreciendo en terminos anuales desde agosto 2020; sin embargo, el crecimiento mostrado a marzo 2021 fue de 9.5% (-7.3% sin contar los programas).","Grafico combinado del mercado cambiario peruano: una linea con el tipo de cambio sol por dolar y barras con la intervencion del BCRP en el mercado spot, entre 2020 y abril de 2021. El tipo de cambio sube desde alrededor de 3.30-3.40 a inicios de 2020 hasta maximos cercanos a 3.80, con episodios de fuerte presion hacia fines de 2020 y comienzos de 2021 asociados a la incertidumbre politica y sanitaria. Las barras de intervencion se concentran precisamente en esos episodios, con ventas netas de dolares (barras negativas) que buscan moderar la depreciacion, y compras puntuales en las fases de calma.",I.B.1,2021-1|I.B.1,2021-1,28,"SBS - Informe de Estabilidad del Sistema Financiero, 2021-1",1.0,parrafo_previo,"Sistema financiero: saldo de creditos directos. Sin estos programas, las coloraciones del sistema financiero estarian decreciendo en terminos anuales desde agosto 2020; sin embargo, el crecimiento mostrado a marzo 2021 fue de 9.5% .",lectura_visual_claude
2021-1_img_009,images/2021-1_grafico_009_I_B_2.png,Grafico I.B.2: Sistema financiero: tipo de creditos directos,Sistema financiero: tipo de creditos directos,"El grafico muestra sistema financiero: tipo de creditos directos. Segun el reporte, Pagina 27 Grafico I.B.2 Sistema financiero: tipo de creditos directos (variacion porcentual anual) Por otro lado, los efectos adversos de la pandemia se van reflejando en los indicadores de calidad de cartera, particularmente en las carteras MYPE y consumo.","Grafico de lineas con el rendimiento del bono soberano peruano a 10 anos en soles, en porcentaje, entre 2020 y abril de 2021. La curva parte alrededor de 4.5% a inicios de 2020, desciende durante ese ano hasta minimos cercanos a 3.5% favorecida por las bajas tasas globales, y desde fines de 2020 revierte con una subida pronunciada y casi vertical en el primer trimestre de 2021, cerrando el periodo en niveles proximos a 5.5%-6%. El tramo final concentra la mayor pendiente de toda la serie, reflejando el alza de tasas externas y la mayor incertidumbre local.",I.B.2,2021-1|I.B.2,2021-1,29,"SBS - Informe de Estabilidad del Sistema Financiero, 2021-1",1.0,cita_explicita,"Sistema financiero: tipo de creditos directos. Pagina 27 Grafico I.B.2 Sistema financiero: tipo de creditos directos Por otro lado, los efectos adversos de la pandemia se van reflejando en los indicadores de calidad de cartera, particularmente en las carteras MYPE y consumo.",lectura_visual_claude
2021-1_img_010,images/2021-1_grafico_010_I_B_3.png,Grafico I.B.3: Sistema financiero: cartera atrasada y provisiones,Sistema financiero: cartera atrasada y provisiones,"El grafico muestra sistema financiero: cartera atrasada y provisiones. Segun el reporte, Pagina 27 Grafico I.B.2 Sistema financiero: tipo de creditos directos (variacion porcentual anual) Por otro lado, los efectos adversos de la pandemia se van reflejando en los indicadores de calidad de cartera, particularmente en las carteras MYPE y consumo.","Grafico de linea con el indice general de la Bolsa de Valores de Lima entre inicios de 2020 y abril de 2021, en puntos. El indice se desploma en marzo de 2020, perdiendo en pocas semanas cerca de un tercio de su valor hasta su minimo del periodo, y luego inicia una recuperacion prolongada con altibajos que lo lleva a superar el nivel prepandemia hacia comienzos de 2021, alcanzando su maximo del tramo. En las ultimas semanas de la serie la curva se aplana y retrocede ligeramente, en un contexto de mayor volatilidad local.",I.B.3,2021-1|I.B.3,2021-1,29,"SBS - Informe de Estabilidad del Sistema Financiero, 2021-1",1.0,parrafo_previo,"Sistema financiero: cartera atrasada y provisiones. Pagina 27 Grafico I.B.2 Sistema financiero: tipo de creditos directos Por otro lado, los efectos adversos de la pandemia se van reflejando en los indicadores de calidad de cartera, particularmente en las carteras MYPE y consumo.",lectura_visual_claude
2021-1_img_011,images/2021-1_grafico_011_I_B_4.png,Grafico I.B.4: Sistema financiero: creditos reprogramados / creditos directos,Sistema financiero: creditos reprogramados / creditos directos,"El grafico muestra sistema financiero: creditos reprogramados / creditos directos. Segun el reporte, Por otra parte, los creditos reprogramados, que llegaron a representar el 36% de los creditos directos en junio 2020, han venido disminuyendo en todos los segmentos crediticios de forma sostenida desde entonces, hasta representar el 17% (S/ 62.9 mil millones) 24. Por numero de deudores, la cifra tambien ha disminuido de forma considerable, desde 4.7 millones de deudores a junio 2020 (67% del total) hasta menos de 2.2 millones a marzo 2021 (32% del total).","Grafico de lineas que compara el spread EMBIG del Peru con el de America Latina, en puntos basicos, entre 2020 y abril de 2021. Ambas series saltan violentamente en marzo de 2020: la regional escala hasta maximos de varios cientos de puntos, en torno a 700, mientras la peruana sube mucho menos, hasta cerca de 300. Despues las dos descienden de forma sostenida y se estabilizan, con el Peru consistentemente muy por debajo del promedio regional —terminando alrededor de 150-160 puntos frente a mas de 350 de America Latina—, lo que refleja el menor riesgo pais relativo.",I.B.4,2021-1|I.B.4,2021-1,30,"SBS - Informe de Estabilidad del Sistema Financiero, 2021-1",1.0,parrafo_previo,"Sistema financiero: creditos reprogramados / creditos directos. Por otra parte, los creditos reprogramados, que llegaron a representar el 36% de los creditos directos en junio 2020, han venido disminuyendo en todos los segmentos crediticios de forma sostenida desde entonces, hasta representar el 17% 24. Por numero de deudores, la cifra tambien ha disminuido de forma considerable, desde 4.7 millones de deudores a junio 2020 hasta menos de 2.2 millones a marzo 2021 .",lectura_visual_claude
2021-1_img_012,images/2021-1_grafico_012_I_B_5.png,Grafico I.B.5: Sistema financiero: repago de creditos y clientes que reducen capital vs porcentaje de,Sistema financiero: repago de creditos y clientes que reducen capital vs porcentaje de,"El grafico muestra sistema financiero: repago de creditos y clientes que reducen capital vs porcentaje de. Segun el reporte, Sin embargo, casi un 24% de la deuda reprogramada a marzo 2021 corresponde a deudores que no han realizado pagos en los ultimos 4 meses o han realizado un solo pago en los ultimos 7 meses, cifra que se incrementa a 36.9% para el segmento MYPE, y que incluye tanto deudores que aun mantienen periodos de gracia como clientes cuyo riesgo de impago se va materializando.","Grafico combinado de la tenencia de bonos soberanos peruanos por inversionistas no residentes: barras con el saldo en miles de millones de soles y una linea con su participacion porcentual sobre el total en circulacion. Las barras muestran un saldo que crece a lo largo del periodo hasta ubicarse en torno a los 40-50 mil millones de soles, mientras la linea de participacion se mantiene alta, alrededor de la mitad del total, con oscilaciones y un leve descenso hacia el final de la serie, senal de que las salidas puntuales de estos inversionistas no revirtieron su peso dominante en el mercado.",I.B.5,2021-1|I.B.5,2021-1,31,"SBS - Informe de Estabilidad del Sistema Financiero, 2021-1",1.0,parrafo_previo,"Sistema financiero: repago de creditos y clientes que reducen capital vs porcentaje de. Sin embargo, casi un 24% de la deuda reprogramada a marzo 2021 corresponde a deudores que no han realizado pagos en los ultimos 4 meses o han realizado un solo pago en los ultimos 7 meses, cifra que se incrementa a 36.9% para el segmento MYPE, y que incluye tanto deudores que aun mantienen periodos de gracia como clientes cuyo riesgo de impago se va materializando.",lectura_visual_claude
2021-1_img_013,images/2021-1_grafico_013_I_B_6.png,Grafico I.B.6: Sistema financiero: ROE y Ratio de capital,Sistema financiero: ROE y Ratio de capital,"El grafico muestra sistema financiero: roe y ratio de capital. Segun el reporte, De este modo, a marzo 2021 el sistema financiero cuenta con S/ 28.6 mil millones para afrontar potenciales contingencias.","Grafico de lineas que compara la evolucion de las monedas de la region frente al dolar —sol peruano, real brasileno, peso colombiano, peso chileno y peso mexicano— expresadas como indice o variacion acumulada entre 2020 y abril de 2021. Todas las monedas se deprecian con el estallido de la pandemia; el real y el peso colombiano registran las perdidas mas profundas y la mayor volatilidad. El sol muestra una depreciacion mas gradual pero persistente, acumulando una perdida de alrededor de 10% que no se revierte al final del periodo, a diferencia de otras monedas que recuperan parte del terreno.",I.B.6,2021-1|I.B.6,2021-1,32,"SBS - Informe de Estabilidad del Sistema Financiero, 2021-1",1.0,parrafo_previo,"Sistema financiero: ROE y Ratio de capital. De este modo, a marzo 2021 el sistema financiero cuenta con S/ 28.6 mil millones para afrontar potenciales contingencias.",lectura_visual_claude
2021-1_img_014,images/2021-1_grafico_014_II_A_1.png,Grafico II.A.1: Sistema financiero: Ratio de capital global,Sistema financiero: Ratio de capital global,"El grafico muestra sistema financiero: ratio de capital global. Segun el reporte, Dada la incertidumbre que aun prevalece sobre la trayectoria de la recuperacion economica, el Grafico II.A.1 muestra los resultados en un intervalo al 95% de confianza, y se preve que la reduccion del ratio de capital se modere o se intensifique dependiendo del grado de materializacion de potenciales factores de riesgo.","Grafico de lineas con la variacion porcentual anual de los creditos directos del sistema financiero, desagregada por segmento, entre 2019-2020 y el primer trimestre de 2021. La serie de creditos a empresas registra una aceleracion extraordinaria durante 2020 —impulsada por los programas de garantia estatal— hasta tasas maximas por encima del 20%, para luego desacelerarse de forma sostenida. La serie de creditos a hogares recorre el camino inverso: pierde dinamismo desde el inicio de la pandemia y cae a variaciones anuales negativas hacia el final del periodo. El credito total queda entre ambas, con un pico intermedio en 2020 y clara moderacion posterior.",II.A.1,2021-1|II.A.1,2021-1,37,"SBS - Informe de Estabilidad del Sistema Financiero, 2021-1",1.0,cita_explicita,"Sistema financiero: Ratio de capital global. Dada la incertidumbre que aun prevalece sobre la trayectoria de la recuperacion economica, el Grafico II.A.1 muestra los resultados en un intervalo al 95% de confianza, y se preve que la reduccion del ratio de capital se modere o se intensifique dependiendo del grado de materializacion de potenciales factores de riesgo.",lectura_visual_claude
2021-1_img_015,images/2021-1_grafico_015_II_A_2.png,Grafico II.A.2: Sistema financiero: Ratio de Incumplimiento,Sistema financiero: Ratio de Incumplimiento,"El grafico muestra sistema financiero: ratio de incumplimiento. Segun el reporte, Tal como se ve en el Recuadro 2, el sistema financiero se mantendria resistente incluso en el escenario de que el tipo de cambio se incremente en 20%.","Grafico que muestra la cartera reprogramada del sistema financiero como proporcion del total de creditos, desde mediados de 2020 hasta inicios de 2021, con desagregacion por tipo de cartera. La participacion de los creditos reprogramados alcanza su maximo en los meses centrales de 2020, con cifras en torno a un tercio del portafolio, y a partir de ahi desciende de manera continua a medida que los deudores retoman sus pagos, cerrando la serie alrededor del 20%. Los segmentos minoristas —consumo y pequena empresa— exhiben las participaciones reprogramadas mas altas, mientras la cartera mayorista e hipotecaria se ubica por debajo del promedio.",II.A.2,2021-1|II.A.2,2021-1,39,"SBS - Informe de Estabilidad del Sistema Financiero, 2021-1",1.0,parrafo_previo,"Sistema financiero: Ratio de Incumplimiento. Tal como se ve en el Recuadro 2, el sistema financiero se mantendria resistente incluso en el escenario de que el tipo de cambio se incremente en 20%.",lectura_visual_claude
2021-1_img_016,images/2021-1_grafico_016_II_B_1.png,Grafico II.B.1: Brechas (positivas) acumuladas de liquidez,Brechas (positivas) acumuladas de liquidez,"El grafico muestra brechas (positivas) acumuladas de liquidez. Segun el reporte, Respecto al escenario severamente adverso, como se observa en el Grafico II.B.1, en los horizontes de uno y tres meses – en los que se concentra la salida de depositos–las entidades poseen brechas acumuladas positivas que ascienden en promedio a 10% y 6% del total de pasivos del sistema financiero, respectivamente.","Grafico de la evolucion de los indicadores de calidad de cartera del sistema financiero entre 2019-2020 y comienzos de 2021, con lineas para la morosidad y la cartera de alto riesgo, en porcentaje de las colocaciones. Ambos ratios se mantienen relativamente contenidos durante la mayor parte de 2020 —en parte por las reprogramaciones masivas y las facilidades regulatorias que aplazaron el reconocimiento del deterioro— y muestran una tendencia ascendente hacia el final de la serie, cuando los creditos reprogramados que no retoman pagos comienzan a migrar a categorias de mayor riesgo. La brecha entre ambas lineas evidencia el peso de la cartera refinanciada y reestructurada.",II.B.1,2021-1|II.B.1,2021-1,47,"SBS - Informe de Estabilidad del Sistema Financiero, 2021-1",1.0,cita_explicita,"Brechas (positivas) acumuladas de liquidez. Respecto al escenario severamente adverso, como se observa en el Grafico II.B.1, en los horizontes de uno y tres meses – en los que se concentra la salida de depositos–las entidades poseen brechas acumuladas positivas que ascienden en promedio a 10% y 6% del total de pasivos del sistema financiero, respectivamente.",lectura_visual_claude
2021-1_img_017,images/2021-1_grafico_017_II_B_2.png,Grafico II.B.2: Distance to Liquidity Stress Indicator,Distance to Liquidity Stress Indicator,"El grafico muestra distance to liquidity stress indicator. Segun el reporte, Como se observa en el grafico, las entidades podrian hacer frente a un escenario de estres leve y adverso (indicadores DLSI menores a 0.25, 0.5 y 1 indican que las entidades no pasarian los escenarios leve, adverso y severamente adverso, respectivamente).","Grafico de barras que compara indicadores de riesgo de credito por segmento de deudor —corporativo y gran empresa, mediana, pequena y microempresa, ademas de las carteras de hogares— en fechas de corte antes y despues del inicio de la pandemia. El patron visual es un escalonamiento claro: los segmentos mayoristas presentan las barras mas bajas y los cambios mas moderados, mientras el deterioro se concentra en los segmentos minoristas, cuyas barras crecen de forma notoria entre cortes. Las carteras de pequena y microempresa y la de consumo destacan como las de mayor incremento relativo del riesgo en el periodo analizado.",II.B.2,2021-1|II.B.2,2021-1,48,"SBS - Informe de Estabilidad del Sistema Financiero, 2021-1",1.0,parrafo_previo,"Distance to Liquidity Stress Indicator. Como se observa en el grafico, las entidades podrian hacer frente a un escenario de estres leve y adverso .",lectura_visual_claude
2021-1_img_018,images/2021-1_grafico_018_III_A_1.png,Grafico III.A.1: RCI y distribucion de la deuda por quintiles de ingreso,RCI y distribucion de la deuda por quintiles de ingreso,"El grafico muestra rci y distribucion de la deuda por quintiles de ingreso. Segun el reporte, Es decir, para niveles similares de ingresos, el deterioro crediticio es menor en los deudores de ingresos altos.","Grafico sobre la posicion financiera de los hogares durante la pandemia, que combina la evolucion del saldo de deuda con un indicador de carga o capacidad de pago, entre 2019-2020 y comienzos de 2021. La trayectoria muestra una desaceleracion visible del endeudamiento de las familias tras el estallido de la crisis —consistente con el freno del credito de consumo— acompanada de un deterioro transitorio del indicador de pago en los meses de mayor restriccion de ingresos, y una estabilizacion parcial hacia el cierre de la serie a medida que se reactiva el empleo y se normalizan los pagos.",III.A.1,2021-1|III.A.1,2021-1,53,"SBS - Informe de Estabilidad del Sistema Financiero, 2021-1",1.0,parrafo_previo,"RCI y distribucion de la deuda por quintiles de ingreso. Es decir, para niveles similares de ingresos, el deterioro crediticio es menor en los deudores de ingresos altos.",lectura_visual_claude
2021-1_img_019,images/2021-1_grafico_019_III_A_2.png,Grafico III.A.2: Deuda promedio por quintiles de ingreso,Deuda promedio por quintiles de ingreso,"El grafico muestra deuda promedio por quintiles de ingreso. Segun el reporte, La deuda promedio de los prestatarios de los quintiles 1, 2 y 3 es de S/ 10,493, mientras que la deuda promedio de los quintiles 4 y 5 es de S/ 57,630 (ver Grafico III.A.2).","Grafico centrado en la calidad de la cartera de los hogares, con la evolucion del incumplimiento por tipo de producto crediticio —consumo, tarjetas e hipotecario— durante 2020 y comienzos de 2021, en porcentaje. Las curvas de los productos de consumo, y en particular las tarjetas de credito, se ubican sistematicamente por encima y muestran el repunte mas pronunciado del periodo, reflejando la mayor sensibilidad de estos creditos a la caida del empleo. La serie hipotecaria, en cambio, se mantiene en niveles bajos y con una pendiente mucho mas suave, confirmando su papel de cartera mas estable dentro del portafolio de las familias.",III.A.2,2021-1|III.A.2,2021-1,53,"SBS - Informe de Estabilidad del Sistema Financiero, 2021-1",1.0,cita_explicita,"Deuda promedio por quintiles de ingreso. La deuda promedio de los prestatarios de los quintiles 1, 2 y 3 es de S/ 10,493, mientras que la deuda promedio de los quintiles 4 y 5 es de S/ 57,630 .",lectura_visual_claude
2021-1_img_020,images/2021-1_grafico_020_IV_1.png,Grafico IV.1: Importancia de las COOPAC en Latinoamerica y participacion en el SFNB,Importancia de las COOPAC en Latinoamerica y participacion en el SFNB,"El grafico muestra importancia de las coopac en latinoamerica y participacion en el sfnb. Segun el reporte, Pagina 54 A nivel nacional, las COOPAC cuentan con presencia en 23 de los 24 departamentos del pais, la mayoria de ellas (32%) se concentra en el departamento de Lima, seguida de los departamentos de Cusco, Arequipa, y Puno, los que concentran el 34%; destacando tambien los departamentos de Junin, Cajamarca La Libertad, Apurimac y Ayacucho, quienes acumulan el 20% del total.","Grafico con los indicadores de solvencia del sistema financiero: la evolucion del ratio de capital global —y su comparacion entre tipos de entidad o con el requerimiento minimo legal— hacia el primer tramo de 2021. Las lineas o barras se ubican holgadamente por encima del minimo regulatorio de 10% (reducido temporalmente a 8% durante la emergencia), con la banca multiple mostrando ratios en torno a 15% y las entidades no bancarias niveles algo menores pero igualmente sobre el umbral. El mensaje visual es de colchones de capital amplios y relativamente estables pese al shock, con espacio para absorber perdidas adicionales.",IV.1,2021-1|IV.1,2021-1,56,"SBS - Informe de Estabilidad del Sistema Financiero, 2021-1",1.0,parrafo_previo,"Importancia de las COOPAC en Latinoamerica y participacion en el SFNB. Pagina 54 A nivel nacional, las COOPAC cuentan con presencia en 23 de los 24 departamentos del pais, la mayoria de ellas se concentra en el departamento de Lima, seguida de los departamentos de Cusco, Arequipa, y Puno, los que concentran el 34%; destacando tambien los departamentos de Junin, Cajamarca La Libertad, Apurimac y Ayacucho, quienes acumulan el 20% del total.",lectura_visual_claude
2021-1_img_021,images/2021-1_grafico_021_V_1.png,Grafico V.1: Resultados de pruebas de estres de caida de valores de mercado en el Sistema de,Resultados de pruebas de estres de caida de valores de mercado en el Sistema de,"El grafico muestra resultados de pruebas de estres de caida de valores de mercado en el sistema de. Segun el reporte, Luego de aplicar la metodologia descrita en el Anexo 4 del presente Informe, se nota que el valor contable de las inversiones bajo analisis seguiria superando al de las obligaciones tecnicas en el escenario de estres: a marzo de 2021, 1.04 veces a nivel promedio del sistema (ver Grafico V.1).","Grafico de lineas con las trayectorias del PBI utilizadas en el ejercicio de estres: un escenario base y uno o dos escenarios adversos que se bifurcan a partir del horizonte de proyeccion 2021-2022. Todas las curvas parten del desplome comun de 2020; el escenario base dibuja una recuperacion en forma de V con un rebote fuerte en 2021 y convergencia posterior a tasas moderadas, mientras los escenarios de estres muestran un rebote sensiblemente menor o una recaida, abriendo una brecha persistente respecto de la trayectoria base durante todo el horizonte del ejercicio.",V.1,2021-1|V.1,2021-1,63,"SBS - Informe de Estabilidad del Sistema Financiero, 2021-1",1.0,cita_explicita,"Resultados de pruebas de estres de caida de valores de mercado en el Sistema de. Luego de aplicar la metodologia descrita en el Anexo 4 del presente Informe, se nota que el valor contable de las inversiones bajo analisis seguiria superando al de las obligaciones tecnicas en el escenario de estres: a marzo de 2021, 1.04 veces a nivel promedio del sistema .",lectura_visual_claude
2021-1_img_022,images/2021-1_grafico_022_V_2.png,"Grafico V.2: Inversiones a vencimiento, segun la relacion entre el valor contable y el valor de mercado","Inversiones a vencimiento, segun la relacion entre el valor contable y el valor de mercado","El grafico muestra inversiones a vencimiento, segun la relacion entre el valor contable y el valor de mercado. Segun el reporte, Asi, en el caso de las inversiones clasificadas contablemente a vencimiento, 65% del total de las inversiones financieras (incluyendo a los depositos), se nota una disminucion en la participacion de los instrumentos cuyo valor de Pagina 62 mercado supera a su valor en libros (contable), hacia niveles similares a los encontrados en marzo 2020 (barras de color azul, en el Grafico V.2).","Grafico de lineas con la proyeccion del ratio de incumplimiento de la cartera de creditos bajo los distintos escenarios macroeconomicos del ejercicio de estres. Las curvas comparten el tramo historico y se separan en el horizonte de proyeccion: en el escenario base el indicador sube de forma acotada y tiende a estabilizarse, mientras que en los escenarios adversos la pendiente es visiblemente mayor y el ratio alcanza maximos varios puntos por encima del nivel de partida, con la brecha entre escenarios ensanchandose hacia el final del horizonte. El orden de las curvas es consistente: a mayor severidad del escenario, mayor incumplimiento proyectado.",V.2,2021-1|V.2,2021-1,64,"SBS - Informe de Estabilidad del Sistema Financiero, 2021-1",1.0,cita_explicita,"Inversiones a vencimiento, segun la relacion entre el valor contable y el valor de mercado. Asi, en el caso de las inversiones clasificadas contablemente a vencimiento, 65% del total de las inversiones financieras , se nota una disminucion en la participacion de los instrumentos cuyo valor de Pagina 62 mercado supera a su valor en libros , hacia niveles similares a los encontrados en marzo 2020 .",lectura_visual_claude
2021-1_img_023,images/2021-1_grafico_023_V_3.png,Grafico V.3: Posiciones en caja y bancos del sistema de seguros y relacion con los promedios de 60 y,Posiciones en caja y bancos del sistema de seguros y relacion con los promedios de 60 y,"El grafico muestra posiciones en caja y bancos del sistema de seguros y relacion con los promedios de 60 y. Segun el reporte, Luego de alcanzar este pico, los valores de dichas posiciones se han reducido de manera gradual hacia marzo de 2021, donde las posiciones iniciales de liquidez (en caja y bancos) alcanzaron aproximadamente S/ 2,594 millones (ver Grafico V.3).","Grafico de lineas con la proyeccion del ratio de capital global del sistema financiero bajo los escenarios base y de estres, incluyendo una linea horizontal de referencia con el minimo regulatorio. Las trayectorias parten de un nivel holgado, en torno al 15%, y descienden gradualmente en el horizonte de proyeccion; la curva del escenario base se mantiene casi plana, mientras las de estres caen algunos puntos porcentuales. El resultado visual clave es que incluso la trayectoria mas severa permanece por encima del umbral minimo, transmitiendo que los colchones de capital acumulados absorben las perdidas simuladas sin comprometer la solvencia agregada.",V.3,2021-1|V.3,2021-1,66,"SBS - Informe de Estabilidad del Sistema Financiero, 2021-1",1.0,cita_explicita,"Posiciones en caja y bancos del sistema de seguros y relacion con los promedios de 60 y. Luego de alcanzar este pico, los valores de dichas posiciones se han reducido de manera gradual hacia marzo de 2021, donde las posiciones iniciales de liquidez alcanzaron aproximadamente S/ 2,594 millones .",lectura_visual_claude
2021-1_img_024,images/2021-1_grafico_024_V_4.png,Grafico V.4: Saldos de caja y bancos del sistema de seguros como porcentaje de los pasivos,Saldos de caja y bancos del sistema de seguros como porcentaje de los pasivos,"El grafico muestra saldos de caja y bancos del sistema de seguros como porcentaje de los pasivos. Segun el reporte, Elaboracion: SBS Pagina 65 Grafico V.4 Saldos de caja y bancos del sistema de seguros como porcentaje de los pasivos corrientes Fuente: Datos reportados por las empresas de seguros.","Grafico del ejercicio de estres de liquidez, con la evolucion de los indicadores de cobertura de liquidez en moneda nacional y extranjera —o de los activos liquidos frente a salidas simuladas— junto a sus umbrales regulatorios de referencia. Las series se ubican de manera persistente por encima de los minimos exigidos, con holguras amplias en ambas monedas; la moneda extranjera suele mostrar el colchon mas alto. La lectura conjunta indica que, aun en condiciones tensionadas de retiro de depositos, las entidades mantienen recursos liquidos suficientes para cubrir sus obligaciones de corto plazo.",V.4,2021-1|V.4,2021-1,67,"SBS - Informe de Estabilidad del Sistema Financiero, 2021-1",1.0,cita_explicita,Saldos de caja y bancos del sistema de seguros como porcentaje de los pasivos. Elaboracion: SBS Pagina 65 Grafico V.4 Saldos de caja y bancos del sistema de seguros como porcentaje de los pasivos corrientes Fuente: Datos reportados por las empresas de seguros.,lectura_visual_claude
2021-1_img_025,images/2021-1_grafico_025_V_5.png,Grafico V.5: Resultados de pruebas de estres de liquidez en el sistema de seguros,Resultados de pruebas de estres de liquidez en el sistema de seguros,"El grafico muestra resultados de pruebas de estres de liquidez en el sistema de seguros. Segun el reporte, A nivel agregado se encuentra que, frente a un escenario extremo de caidas en primas e incrementos en siniestros, la liquidez inicial y los ingresos de efectivo proyectados superarian en un 60% las necesidades de liquidez estimadas para el sistema seguros (ver Grafico V.5).","Grafico de barras con las brechas de liquidez acumuladas del ejercicio de estres, organizadas por horizonte temporal (por ejemplo, uno, tres, seis y doce meses) como porcentaje de los pasivos. Las barras de los horizontes cortos —donde el ejercicio concentra la salida simulada de depositos— son positivas, mostrando que los activos liquidos superan a las obligaciones incluso en el tramo mas exigente; hacia horizontes mayores las brechas se reducen o cambian de composicion, pero el sistema en conjunto conserva superavits. El mensaje visual es de resiliencia de liquidez frente a un escenario severamente adverso.",V.5,2021-1|V.5,2021-1,68,"SBS - Informe de Estabilidad del Sistema Financiero, 2021-1",1.0,cita_explicita,"Resultados de pruebas de estres de liquidez en el sistema de seguros. A nivel agregado se encuentra que, frente a un escenario extremo de caidas en primas e incrementos en siniestros, la liquidez inicial y los ingresos de efectivo proyectados superarian en un 60% las necesidades de liquidez estimadas para el sistema seguros .",lectura_visual_claude
2024-2_img_000,images/2024-2_grafico_000_I_A_1.png,Grafico I.A.1: Crecimiento economico global,Crecimiento economico global,"El grafico muestra crecimiento economico global. Segun el reporte, Aun asi, la proyeccion del crecimiento global para este ano y el proximo se mantiene por debajo del promedio registrado en el periodo prepandemia (2000- 2019) de 3.8% (ver Grafico I.A.1).","Grafico de lineas con la variacion porcentual anual real del PBI entre 1985 y 2025 para tres agregados: mundo, economias avanzadas y economias emergentes. La serie historica larga deja ver dos desplomes nitidos, la crisis financiera de 2009 y la pandemia de 2020, este ultimo el mas profundo, con las avanzadas cayendo por debajo de -4%. Las emergentes se mantienen casi todo el periodo por encima de las avanzadas, con picos superiores a 6-8% en los 2000. El tramo final muestra tasas estabilizadas y modestas: las etiquetas de cierre marcan 4.2% para emergentes, 3.2% para el mundo y 1.8% para avanzadas, por debajo del promedio prepandemia.",I.A.1,2024-2|I.A.1,2024-2,10,"SBS - Informe de Estabilidad del Sistema Financiero, 2024-2",1.0,cita_explicita,"Crecimiento economico global. Aun asi, la proyeccion del crecimiento global para este ano y el proximo se mantiene por debajo del promedio registrado en el periodo prepandemia de 3.8% .",lectura_visual_claude
2024-2_img_001,images/2024-2_grafico_001_I_A_2.png,"Grafico I.A.2: Inflacion: global, paises desarrollados y economias emergentes","Inflacion: global, paises desarrollados y economias emergentes","El grafico muestra inflacion: global, paises desarrollados y economias emergentes. Segun el reporte, El FMI proyecta que la inflacion general mundial seguira disminuyendo, desde un promedio de 6.7% en 2023 a 5.8% en 2024 y 4.3% en 2025, y que las economias avanzadas alcanzarian sus objetivos inflacionarios antes que las emergentes (ver Grafico I.A.2).","Grafico de lineas con la inflacion a 12 meses entre agosto de 2013 y agosto de 2024 para cuatro agrupaciones: global, paises desarrollados, economias emergentes y emergentes excluyendo China. Tras una decada oscilando entre 0% y 8%, todas las curvas escalan con fuerza desde 2021 hasta un maximo alrededor de 2022 —cercano a 15-16% en emergentes sin China y a 8% en desarrollados— y luego descienden de forma sostenida. Al cierre, las etiquetas marcan 2.3% en desarrollados, 5.0% global, 6.9% en emergentes y 11.3% en emergentes excluyendo China, mostrando que la desinflacion esta mas avanzada en las economias desarrolladas.",I.A.2,2024-2|I.A.2,2024-2,11,"SBS - Informe de Estabilidad del Sistema Financiero, 2024-2",1.0,cita_explicita,"Inflacion: global, paises desarrollados y economias emergentes. El FMI proyecta que la inflacion general mundial seguira disminuyendo, desde un promedio de 6.7% en 2023 a 5.8% en 2024 y 4.3% en 2025, y que las economias avanzadas alcanzarian sus objetivos inflacionarios antes que las emergentes .",lectura_visual_claude
2024-2_img_002,images/2024-2_grafico_002_I_A_3.png,Grafico I.A.3: Cotizacion internacional de petroleo y principales granos,Cotizacion internacional de petroleo y principales granos,"El grafico muestra cotizacion internacional de petroleo y principales granos. Segun el reporte, A pesar de esta moderacion, el temor de que el conflicto en Medio Oriente interrumpa los flujos de petroleo en toda la region con el bloqueo del estrecho de Ormuz genero el leve repunte en el aumento del precio del crudo que se dio entre setiembre y octubre (ver Grafico I.A.3).","Grafico de lineas con la cotizacion internacional del petroleo WTI y de tres granos —aceite de soya, maiz y trigo— como indice con base diciembre 2020=100, desde 2021 hasta octubre de 2024. Todas las series suben con fuerza hasta mediados de 2022, cuando el WTI toca un maximo cercano a 240 y el aceite de soya alrededor de 220, con maiz y trigo en torno a 180. Desde entonces la tendencia es descendente: los granos terminan en o por debajo de la base —el maiz cerca de 90 y el trigo alrededor de 100— mientras el petroleo, pese a la correccion y a un leve repunte final, se mantiene aun cerca de 150, claramente sobre su nivel inicial.",I.A.3,2024-2|I.A.3,2024-2,12,"SBS - Informe de Estabilidad del Sistema Financiero, 2024-2",1.0,cita_explicita,"Cotizacion internacional de petroleo y principales granos. A pesar de esta moderacion, el temor de que el conflicto en Medio Oriente interrumpa los flujos de petroleo en toda la region con el bloqueo del estrecho de Ormuz genero el leve repunte en el aumento del precio del crudo que se dio entre setiembre y octubre .",lectura_visual_claude
2024-2_img_003,images/2024-2_grafico_003_I_A_4.png,Grafico I.A.4: Cotizacion internacional de principales metales,Cotizacion internacional de principales metales,"El grafico muestra cotizacion internacional de principales metales. Segun el reporte, No Pagina 11 obstante, en los ultimos meses, la cotizacion del zinc ha mostrado un repunte, impulsada por interrupciones en el suministro.","Cotizacion internacional de principales metales. No Pagina 11 obstante, en los ultimos meses, la cotizacion del zinc ha mostrado un repunte, impulsada por interrupciones en el suministro.",I.A.4,2024-2|I.A.4,2024-2,13,"SBS - Informe de Estabilidad del Sistema Financiero, 2024-2",1.0,parrafo_previo,,titulo_mas_oracion
2024-2_img_004,images/2024-2_grafico_004_I_A_5.png,Grafico I.A.5: Producto Bruto Interno y Demanda Interna,Producto Bruto Interno y Demanda Interna,"El grafico muestra producto bruto interno y demanda interna. Segun el reporte, En lo que va de 2024, la actividad economica ha mantenido una tendencia de recuperacion, con un crecimiento promedio anual de 2.9% entre enero y agosto (ver Grafico I.A.5).","Producto Bruto Interno y Demanda Interna. En lo que va de 2024, la actividad economica ha mantenido una tendencia de recuperacion, con un crecimiento promedio anual de 2.9% entre enero y agosto .",I.A.5,2024-2|I.A.5,2024-2,14,"SBS - Informe de Estabilidad del Sistema Financiero, 2024-2",1.0,cita_explicita,,titulo_mas_oracion
2024-2_img_005,images/2024-2_grafico_005_I_A_6.png,Grafico I.A.6: Expectativas Empresariales,Expectativas Empresariales,"El grafico muestra expectativas empresariales. Segun el reporte, Cabe resaltar que se anticipa un mayor crecimiento de la inversion privada en 2025 respecto a lo previsto en junio (4.1% vs. 3.0%, respectivamente), debido principalmente al inicio de la construccion del proyecto minero Tia Maria. 5 BCRP, Reporte de Inflacion: Panorama actual y proyecciones macroeconomicas 2024 – 2025, setiembre de 2024 Pagina 13 En el tercer trimestre de 2024, las expectativas empresariales a corto y largo plazo se mantienen en tramo optimista (ver Grafico I.A.6).","Expectativas Empresariales. Cabe resaltar que se anticipa un mayor crecimiento de la inversion privada en 2025 respecto a lo previsto en junio , debido principalmente al inicio de la construccion del proyecto minero Tia Maria. 5 BCRP, Reporte de Inflacion: Panorama actual y proyecciones macroeconomicas 2024 – 2025, setiembre de 2024 Pagina 13 En el tercer trimestre de 2024, las expectativas empresariales a corto y largo plazo se mantienen en tramo optimista .",I.A.6,2024-2|I.A.6,2024-2,15,"SBS - Informe de Estabilidad del Sistema Financiero, 2024-2",1.0,cita_explicita,,titulo_mas_oracion
2024-2_img_006,images/2024-2_grafico_006_I_A_7.png,Grafico I.A.7: Indicadores relacionados al mercado laboral,Indicadores relacionados al mercado laboral,"El grafico muestra indicadores relacionados al mercado laboral. Segun el reporte, Esta mejora tambien se refleja en la calidad de empleo (ver Grafico I.A.7).",Indicadores relacionados al mercado laboral. Esta mejora tambien se refleja en la calidad de empleo .,I.A.7,2024-2|I.A.7,2024-2,16,"SBS - Informe de Estabilidad del Sistema Financiero, 2024-2",1.0,cita_explicita,,titulo_mas_oracion
2024-2_img_007,images/2024-2_grafico_007_I_A_8.png,Grafico I.A.8: Inflacion en Lima Metropolitana,Inflacion en Lima Metropolitana,"El grafico muestra inflacion en lima metropolitana. Segun el reporte, Se proyecta que la inflacion cierre el ano en 2.3% y alcance el centro del rango meta (2.0%) en diciembre de 2025. Ademas de la reversion de los efectos de choques de oferta, esta proyeccion asume que los impactos de factores transitorios como el tipo de cambio, precios internacionales de combustibles y de granos se disipen.","Inflacion en Lima Metropolitana. Se proyecta que la inflacion cierre el ano en 2.3% y alcance el centro del rango meta en diciembre de 2025. Ademas de la reversion de los efectos de choques de oferta, esta proyeccion asume que los impactos de factores transitorios como el tipo de cambio, precios internacionales de combustibles y de granos se disipen.",I.A.8,2024-2|I.A.8,2024-2,17,"SBS - Informe de Estabilidad del Sistema Financiero, 2024-2",1.0,parrafo_previo,,titulo_mas_oracion
2024-2_img_008,images/2024-2_grafico_008_I_A_9.png,Grafico I.A.9: Inflacion y Tasa de interes de referencia del BCRP,Inflacion y Tasa de interes de referencia del BCRP,"El grafico muestra inflacion y tasa de interes de referencia del bcrp. Segun el reporte, Adicionalmente, el BCRP se mantiene atento ante posibles depreciaciones del sol peruano, por lo que lo mas probable es que continue atento a las decisiones de la Reserva Federal y al diferencial entre ambas tasas de interes.","Inflacion y Tasa de interes de referencia del BCRP. Adicionalmente, el BCRP se mantiene atento ante posibles depreciaciones del sol peruano, por lo que lo mas probable es que continue atento a las decisiones de la Reserva Federal y al diferencial entre ambas tasas de interes.",I.A.9,2024-2|I.A.9,2024-2,18,"SBS - Informe de Estabilidad del Sistema Financiero, 2024-2",1.0,parrafo_previo,,titulo_mas_oracion
2024-2_img_009,images/2024-2_grafico_009_I_B_1.png,Grafico I.B.1: Sistema financiero*: Evolucion de saldos,Sistema financiero*: Evolucion de saldos,"El grafico muestra sistema financiero*: evolucion de saldos. Segun el reporte, El saldo total de creditos sin considerar los programas del gobierno asciende a S/ 391,963 millones y no muestra el cambio de tendencia observado en la actividad economica de los ultimos meses (+3.50% interanual en agosto 2024).","Sistema financiero*: Evolucion de saldos. El saldo total de creditos sin considerar los programas del gobierno asciende a S/ 391,963 millones y no muestra el cambio de tendencia observado en la actividad economica de los ultimos meses .",I.B.1,2024-2|I.B.1,2024-2,19,"SBS - Informe de Estabilidad del Sistema Financiero, 2024-2",1.0,parrafo_previo,,titulo_mas_oracion
2024-2_img_010,images/2024-2_grafico_010_I_B_2.png,Grafico I.B.2: Sistema financiero: Creditos directos por tipo de cartera,Sistema financiero: Creditos directos por tipo de cartera,"El grafico muestra sistema financiero: creditos directos por tipo de cartera. Segun el reporte, De otro lado, los creditos hipotecarios mantienen un ritmo moderado de crecimiento, siendo el segmento mas estable durante los ultimos anos; mientras tanto, los creditos no minoristas (corporativo, gran empresa y mediana empresa) que fueron afectados por el contexto de desaceleracion economica del pais, inflacion alta y tasas de interes en su mayor nivel historico, vienen mostrando un cambio de tendencia en los ultimos siete meses (-5.4% en julio 2023 vs. +0.3% en agosto 2024).","Sistema financiero: Creditos directos por tipo de cartera. De otro lado, los creditos hipotecarios mantienen un ritmo moderado de crecimiento, siendo el segmento mas estable durante los ultimos anos; mientras tanto, los creditos no minoristas que fueron afectados por el contexto de desaceleracion economica del pais, inflacion alta y tasas de interes en su mayor nivel historico, vienen mostrando un cambio de tendencia en los ultimos siete meses .",I.B.2,2024-2|I.B.2,2024-2,20,"SBS - Informe de Estabilidad del Sistema Financiero, 2024-2",1.0,parrafo_previo,,titulo_mas_oracion
2024-2_img_011,images/2024-2_grafico_011_I_B_3.png,Grafico I.B.3: Sistema financiero: Cartera de alto riesgo,Sistema financiero: Cartera de alto riesgo,"El grafico muestra sistema financiero: cartera de alto riesgo. Segun el reporte, Asimismo, las carteras de hipotecario, consumo y MYPE han registrado mayores ratios de alto riesgo (CAR) en agosto 2024 (4.7%, 6.6% y 10.9%; respectivamente), los cuales se encuentran por encima de lo reportado en el periodo pre pandemia (4.0%, 4.9% y 9.1%; respectivamente) y en agosto 2023 (4.3%, 5.7% y 9.3%; respectivamente).","Sistema financiero: Cartera de alto riesgo. Asimismo, las carteras de hipotecario, consumo y MYPE han registrado mayores ratios de alto riesgo en agosto 2024 , los cuales se encuentran por encima de lo reportado en el periodo pre pandemia y en agosto 2023 .",I.B.3,2024-2|I.B.3,2024-2,21,"SBS - Informe de Estabilidad del Sistema Financiero, 2024-2",1.0,parrafo_previo,,titulo_mas_oracion
2024-2_img_012,images/2024-2_grafico_012_I_B_4.png,Grafico I.B.4: Sistema financiero: Castigo de Creditos y CAR + cast. y transf. 12 meses*,Sistema financiero: Castigo de Creditos y CAR + cast. y transf. 12 meses*,"El grafico muestra sistema financiero: castigo de creditos y car + cast. y transf. 12 meses*. Segun el reporte, Asimismo, las carteras de hipotecario, consumo y MYPE han registrado mayores ratios de alto riesgo (CAR) en agosto 2024 (4.7%, 6.6% y 10.9%; respectivamente), los cuales se encuentran por encima de lo reportado en el periodo pre pandemia (4.0%, 4.9% y 9.1%; respectivamente) y en agosto 2023 (4.3%, 5.7% y 9.3%; respectivamente).","Sistema financiero: Castigo de Creditos y CAR + cast. y transf. 12 meses*. Asimismo, las carteras de hipotecario, consumo y MYPE han registrado mayores ratios de alto riesgo en agosto 2024 , los cuales se encuentran por encima de lo reportado en el periodo pre pandemia y en agosto 2023 .",I.B.4,2024-2|I.B.4,2024-2,22,"SBS - Informe de Estabilidad del Sistema Financiero, 2024-2",1.0,parrafo_previo,,titulo_mas_oracion
2024-2_img_013,images/2024-2_grafico_013_I_B_5.png,Grafico I.B.5: Sistema financiero: Detalle por tipo de credito reprogramado,Sistema financiero: Detalle por tipo de credito reprogramado,"El grafico muestra sistema financiero: detalle por tipo de credito reprogramado. Segun el reporte, Castigos 12m / Cartera Directa *Indicador incluye la cartera alto riesgo, los castigos realizados en los ultimos 12 meses y las transferencias de cartera de alto riesgo de los ultimos 12 meses.","Sistema financiero: Detalle por tipo de credito reprogramado. Castigos 12m / Cartera Directa *Indicador incluye la cartera alto riesgo, los castigos realizados en los ultimos 12 meses y las transferencias de cartera de alto riesgo de los ultimos 12 meses.",I.B.5,2024-2|I.B.5,2024-2,23,"SBS - Informe de Estabilidad del Sistema Financiero, 2024-2",1.0,parrafo_previo,,titulo_mas_oracion
2024-2_img_014,images/2024-2_grafico_014_I_B_6.png,Grafico I.B.6: Sistema financiero: Provisiones totales y ratio de cobertura,Sistema financiero: Provisiones totales y ratio de cobertura,"El grafico muestra sistema financiero: provisiones totales y ratio de cobertura. Segun el reporte, Pagina 22 desde agosto 2020 (129.3%) por el mayor reconocimiento de la CAR y la reduccion de provisiones voluntarias, aun se encuentra por encima del 100%.","Sistema financiero: Provisiones totales y ratio de cobertura. Pagina 22 desde agosto 2020 por el mayor reconocimiento de la CAR y la reduccion de provisiones voluntarias, aun se encuentra por encima del 100%.",I.B.6,2024-2|I.B.6,2024-2,24,"SBS - Informe de Estabilidad del Sistema Financiero, 2024-2",1.0,parrafo_previo,,titulo_mas_oracion
2024-2_img_015,images/2024-2_grafico_015_I_B_7.png,Grafico I.B.7: Sistema financiero*: Analisis de variacion de la Utilidad Neta,Sistema financiero*: Analisis de variacion de la Utilidad Neta,"El grafico muestra sistema financiero*: analisis de variacion de la utilidad neta. Segun el reporte, La menor rentabilidad respecto al 2023 responde principalmente al menor dinamismo de la cartera (ingresos financieros crecieron solo 8.9% y S/ 4,521 millones) y el significativo incremento del gasto de provisiones (+36.6%, +S/ 4,117 millones) por los mayores niveles de incumplimiento y del gasto financiero (+11.9%, +S/ 1,813 millones) por el periodo experimentado con altas tasas de interes.",Sistema financiero*: Analisis de variacion de la Utilidad Neta. La menor rentabilidad respecto al 2023 responde principalmente al menor dinamismo de la cartera y el significativo incremento del gasto de provisiones por los mayores niveles de incumplimiento y del gasto financiero por el periodo experimentado con altas tasas de interes.,I.B.7,2024-2|I.B.7,2024-2,25,"SBS - Informe de Estabilidad del Sistema Financiero, 2024-2",1.0,parrafo_previo,,titulo_mas_oracion
2024-2_img_016,images/2024-2_grafico_016_I_B_8.png,Grafico I.B.8: Sistema financiero: Descomposicion del ROEA,Sistema financiero: Descomposicion del ROEA,"El grafico muestra sistema financiero: descomposicion del roea. Segun el reporte, Por otro lado, el rendimiento (ingresos/activos), 11.3% a agosto 2024, mantiene una tendencia creciente, superando incluso los niveles pre pandemia (10.7%), lo cual responde a las mayores tasas de interes del mercado y a la reduccion en la participacion de los programas del gobierno. 12 Rentabilidad anualizada sobre el patrimonio contable promedio de los ultimos doce meses.","Sistema financiero: Descomposicion del ROEA. Por otro lado, el rendimiento , 11.3% a agosto 2024, mantiene una tendencia creciente, superando incluso los niveles pre pandemia , lo cual responde a las mayores tasas de interes del mercado y a la reduccion en la participacion de los programas del gobierno. 12 Rentabilidad anualizada sobre el patrimonio contable promedio de los ultimos doce meses.",I.B.8,2024-2|I.B.8,2024-2,26,"SBS - Informe de Estabilidad del Sistema Financiero, 2024-2",1.0,parrafo_previo,,titulo_mas_oracion
2024-2_img_017,images/2024-2_grafico_017_I_B_9.png,Grafico I.B.9: Sistema financiero: Ratio de capital global,Sistema financiero: Ratio de capital global,El grafico muestra sistema financiero: ratio de capital global.,Sistema financiero: Ratio de capital global,I.B.9,2024-2|I.B.9,2024-2,27,"SBS - Informe de Estabilidad del Sistema Financiero, 2024-2",0.0,ninguna,,titulo_mas_oracion
2024-2_img_018,images/2024-2_grafico_018_II_A_1.png,Grafico II.A.1: Sistema financiero: Ratio CET1 y ratio de capital global,Sistema financiero: Ratio CET1 y ratio de capital global,"El grafico muestra sistema financiero: ratio cet1 y ratio de capital global. Segun el reporte, De la misma forma, el ratio CET1, que constituye el capital de mayor calidad con el que cuentan las entidades del sistema financiero, y que se situa en 12.6% a junio de 2024, convergeria a 11.4% bajo un escenario de estres y a 10.6% en un escenario de estres severo, despues de dos anos (ver Grafico II.A.1.b.), manteniendo valores por encima del requerimiento minimo legal 22. Cabe destacar que el ejercicio de estres de solvencia no contempla la emision de deuda subordinada o inyeccion de capital exogeno, debido a que estos elementos estan sujetos a las politicas internas de cada institucion financiera.","Sistema financiero: Ratio CET1 y ratio de capital global. De la misma forma, el ratio CET1, que constituye el capital de mayor calidad con el que cuentan las entidades del sistema financiero, y que se situa en 12.6% a junio de 2024, convergeria a 11.4% bajo un escenario de estres y a 10.6% en un escenario de estres severo, despues de dos anos , manteniendo valores por encima del requerimiento minimo legal 22. Cabe destacar que el ejercicio de estres de solvencia no contempla la emision de deuda subordinada o inyeccion de capital exogeno, debido a que estos elementos estan sujetos a las politicas internas de cada institucion financiera.",II.A.1,2024-2|II.A.1,2024-2,34,"SBS - Informe de Estabilidad del Sistema Financiero, 2024-2",1.0,parrafo_previo,,titulo_mas_oracion
2024-2_img_019,images/2024-2_grafico_019_II_B_1.png,Grafico II.B.1: Brechas acumuladas de liquidez,Brechas acumuladas de liquidez,"El grafico muestra brechas acumuladas de liquidez. Segun el reporte, En el horizonte de doce meses, 29 Catalan, 2015. Guidance Notes on Stress Testing Pagina 37 la brecha acumulada positiva promedio asciende al 8.1% del total de pasivos del sistema financiero; ello debido a que, a partir del cuarto mes, en promedio, el flujo de entrada por creditos simulado de las entidades es superior al flujo de salida simulado por la realizacion de sus pasivos 30, lo que les permite acumular efectivo adicional al colchon de activos liquidos de alta calidad.","Brechas acumuladas de liquidez. En el horizonte de doce meses, 29 Catalan, 2015. Guidance Notes on Stress Testing Pagina 37 la brecha acumulada positiva promedio asciende al 8.1% del total de pasivos del sistema financiero; ello debido a que, a partir del cuarto mes, en promedio, el flujo de entrada por creditos simulado de las entidades es superior al flujo de salida simulado por la realizacion de sus pasivos 30, lo que les permite acumular efectivo adicional al colchon de activos liquidos de alta calidad.",II.B.1,2024-2|II.B.1,2024-2,39,"SBS - Informe de Estabilidad del Sistema Financiero, 2024-2",1.0,parrafo_previo,,titulo_mas_oracion
2024-2_img_020,images/2024-2_grafico_020_II_B_2.png,Grafico II.B.2: Distance to liquidity stress indicator (DLSI),Distance to liquidity stress indicator (DLSI),"El grafico muestra distance to liquidity stress indicator (dlsi). Segun el reporte, Reverse Stress Test El promedio del indicador Distance to Liquidity Stress Indicator (DLSI), que mide la severidad por la que se deberian multiplicar los run-off rates para que las entidades presenten deficits de liquidez en un escenario de estres (reverse stress test), asciende a 1.5 (mediana de 1.3) para las entidades del 30 A partir del cuarto mes, la salida de pasivos proviene principalmente del vencimiento de adeudados y emisiones Pagina 38 sistema financiero (Ver Grafico II.B.2).","Distance to liquidity stress indicator (DLSI). Reverse Stress Test El promedio del indicador Distance to Liquidity Stress Indicator , que mide la severidad por la que se deberian multiplicar los run-off rates para que las entidades presenten deficits de liquidez en un escenario de estres , asciende a 1.5 para las entidades del 30 A partir del cuarto mes, la salida de pasivos proviene principalmente del vencimiento de adeudados y emisiones Pagina 38 sistema financiero .",II.B.2,2024-2|II.B.2,2024-2,40,"SBS - Informe de Estabilidad del Sistema Financiero, 2024-2",1.0,cita_explicita,,titulo_mas_oracion
2024-2_img_021,images/2024-2_grafico_021_III_A_1.png,Grafico III.A.1: Vencimiento de bonos corporativos,Vencimiento de bonos corporativos,"El grafico muestra vencimiento de bonos corporativos. Segun el reporte, Cabe senalar que el vencimiento de los bonos emitidos por estas empresas esta fuertemente concentrado en los proximos cinco anos: hasta 2029, el 47.2% del saldo total de bonos en circulacion vencera. Esto sugiere que las empresas deberan enfrentar la renovacion de sus deudas en un entorno de condiciones de financiamiento menos restrictivas que las vigentes en el momento de emision de estos bonos (ver Grafico III.A.1).","Vencimiento de bonos corporativos. Cabe senalar que el vencimiento de los bonos emitidos por estas empresas esta fuertemente concentrado en los proximos cinco anos: hasta 2029, el 47.2% del saldo total de bonos en circulacion vencera. Esto sugiere que las empresas deberan enfrentar la renovacion de sus deudas en un entorno de condiciones de financiamiento menos restrictivas que las vigentes en el momento de emision de estos bonos .",III.A.1,2024-2|III.A.1,2024-2,47,"SBS - Informe de Estabilidad del Sistema Financiero, 2024-2",1.0,cita_explicita,,titulo_mas_oracion
2024-2_img_022,images/2024-2_grafico_022_III_A_2.png,"Grafico III.A.2: Variacion del ratio de apalancamiento y el ratio de cobertura de gastos financieros,","Variacion del ratio de apalancamiento y el ratio de cobertura de gastos financieros,","El grafico muestra variacion del ratio de apalancamiento y el ratio de cobertura de gastos financieros,. Segun el reporte, En el caso de otros sectores, con la excepcion del sector construccion, se observo un deterioro en el endeudamiento de corto plazo respecto al periodo prepandemia, pero una mejora en el nivel de endeudamiento de largo plazo (ver Grafico III.A.2).","Variacion del ratio de apalancamiento y el ratio de cobertura de gastos financieros,. En el caso de otros sectores, con la excepcion del sector construccion, se observo un deterioro en el endeudamiento de corto plazo respecto al periodo prepandemia, pero una mejora en el nivel de endeudamiento de largo plazo .",III.A.2,2024-2|III.A.2,2024-2,53,"SBS - Informe de Estabilidad del Sistema Financiero, 2024-2",1.0,cita_explicita,,titulo_mas_oracion
2024-2_img_023,images/2024-2_grafico_023_III_B_3.png,Grafico III.B.3: Riesgos sistemicos en la dimension temporal y dimension estructural,Riesgos sistemicos en la dimension temporal y dimension estructural,"El grafico muestra riesgos sistemicos en la dimension temporal y dimension estructural. Segun el reporte, La segunda, conocida como “dimension estructural”, se refiere al riesgo de contagio por interconexion en el sistema financiero (ver Grafico III.B.1).","Riesgos sistemicos en la dimension temporal y dimension estructural. La segunda, conocida como “dimension estructural”, se refiere al riesgo de contagio por interconexion en el sistema financiero .",III.B.3,2024-2|III.B.3,2024-2,54,"SBS - Informe de Estabilidad del Sistema Financiero, 2024-2",1.0,parrafo_previo,,titulo_mas_oracion
2024-2_img_024,images/2024-2_grafico_024_III_B_4.png,Grafico III.B.4: Solvencia y Rentabilidad de las entidades sistemicamente importantes a nivel,Solvencia y Rentabilidad de las entidades sistemicamente importantes a nivel,"El grafico muestra solvencia y rentabilidad de las entidades sistemicamente importantes a nivel. Segun el reporte, La Resolucion SBS N° 03953-2022 actualiza la metodologia del calculo de estos colchones incorporados en la primera normativa de capital adicional de 2011 (Resolucion SBS N° 8425-2011).",Solvencia y Rentabilidad de las entidades sistemicamente importantes a nivel. La Resolucion SBS N° 03953-2022 actualiza la metodologia del calculo de estos colchones incorporados en la primera normativa de capital adicional de 2011 .,III.B.4,2024-2|III.B.4,2024-2,57,"SBS - Informe de Estabilidad del Sistema Financiero, 2024-2",1.0,parrafo_previo,,titulo_mas_oracion
2024-2_img_025,images/2024-2_grafico_025_III_B_5.png,Grafico III.B.5: Exposicion total y maxima a una sola entidad,Exposicion total y maxima a una sola entidad,"El grafico muestra exposicion total y maxima a una sola entidad. Segun el reporte, Una manera visual de mostrar la interconexion en el sistema financiero es a traves del mapa de redes de interconexion (ver Grafico III.B.4 y Grafico III.B.5).",Exposicion total y maxima a una sola entidad. Una manera visual de mostrar la interconexion en el sistema financiero es a traves del mapa de redes de interconexion .,III.B.5,2024-2|III.B.5,2024-2,59,"SBS - Informe de Estabilidad del Sistema Financiero, 2024-2",1.0,cita_explicita,,titulo_mas_oracion
2024-2_img_026,images/2024-2_grafico_026_III_B_6.png,Grafico III.B.6: Mapa de redes de interconexion: Sistema financiero,Mapa de redes de interconexion: Sistema financiero,"El grafico muestra mapa de redes de interconexion: sistema financiero. Segun el reporte, Pagina 58 Grafico III.B.6 Mapa de redes de interconexion: Sistema financiero Nota: Las instituciones que estan sujetas a cargas de capital por riesgo de concentracion de mercado estan representadas en color rojo, mientras que el resto de las instituciones del sistema financiero se muestra en color gris.","Mapa de redes de interconexion: Sistema financiero. Pagina 58 Grafico III.B.6 Mapa de redes de interconexion: Sistema financiero Nota: Las instituciones que estan sujetas a cargas de capital por riesgo de concentracion de mercado estan representadas en color rojo, mientras que el resto de las instituciones del sistema financiero se muestra en color gris.",III.B.6,2024-2|III.B.6,2024-2,60,"SBS - Informe de Estabilidad del Sistema Financiero, 2024-2",1.0,cita_explicita,,titulo_mas_oracion
2024-2_img_027,images/2024-2_grafico_027_III_B_7.png,Grafico III.B.7: Mapa de redes de interconexion: Instituciones Especializadas en Microfinanzas,Mapa de redes de interconexion: Instituciones Especializadas en Microfinanzas,"El grafico muestra mapa de redes de interconexion: instituciones especializadas en microfinanzas. Segun el reporte, Ademas, en casi todos estos casos, dicha exposicion esta principalmente dirigida hacia alguna institucion que se encuentra sujeta al requerimiento de capital por riesgo de concentracion de mercado.","Mapa de redes de interconexion: Instituciones Especializadas en Microfinanzas. Ademas, en casi todos estos casos, dicha exposicion esta principalmente dirigida hacia alguna institucion que se encuentra sujeta al requerimiento de capital por riesgo de concentracion de mercado.",III.B.7,2024-2|III.B.7,2024-2,61,"SBS - Informe de Estabilidad del Sistema Financiero, 2024-2",1.0,parrafo_previo,,titulo_mas_oracion
2024-2_img_028,images/2024-2_grafico_028_IV_A_1.png,Grafico IV.A.1: Doble materialidad en el sector financiero,Doble materialidad en el sector financiero,"El grafico muestra doble materialidad en el sector financiero. Segun el reporte, Sin embargo, es crucial que tambien gestionen de manera adecuada los riesgos financieros derivados del cambio climatico. 43 Extracto del documento “Cambio Climatico y Finanzas Sostenibles: Vision de la SBS” disponible en: https://www.sbs.gob.pe/estadisticas-y-publicaciones/publicaciones-/cambio-climatico-y-finanzas-sostenibles 44 Definido por Comision Europea (2019).","Doble materialidad en el sector financiero. Sin embargo, es crucial que tambien gestionen de manera adecuada los riesgos financieros derivados del cambio climatico. 43 Extracto del documento “Cambio Climatico y Finanzas Sostenibles: Vision de la SBS” disponible en: https://www.sbs.gob.pe/estadisticas-y-publicaciones/publicaciones-/cambio-climatico-y-finanzas-sostenibles 44 Definido por Comision Europea .",IV.A.1,2024-2|IV.A.1,2024-2,63,"SBS - Informe de Estabilidad del Sistema Financiero, 2024-2",1.0,parrafo_previo,,titulo_mas_oracion
img_000,images/grafico_000_I_1.png,Grafico I.1: Mapa de vulnerabilidades del sistema financiero privado de la SBS,Mapa de vulnerabilidades del sistema financiero privado de la SBS,"El grafico muestra mapa de vulnerabilidades del sistema financiero privado de la sbs. Segun el reporte, En este marco, en la presente edicion del IESF se incorpora por primera vez el mapa de vulnerabilidades del sistema financiero privado de la SBS (Grafico I.1), cuya metodologia se detalla en el Recuadro 1.","Mapa de vulnerabilidades del sistema financiero privado de la sbs. En este marco, en la presente edicion del IESF se incorpora por primera vez el mapa de vulnerabilidades del sistema financiero privado de la SBS.",I.1,2026-1|I.1,2026-1,15,"SBS - Informe de Estabilidad del Sistema Financiero, Mayo 2026",,cita_explicita,,titulo_mas_oracion
img_001,images/grafico_001_II_1.png,Grafico II.1: Crecimiento economico mundial (Variacion porcentual anual),Crecimiento economico mundial (Variacion porcentual anual),"El grafico muestra crecimiento economico mundial (variacion porcentual anual). Segun el reporte, En este contexto, el escenario base de proyeccion del FMI15 considera un crecimiento mundial de 3.1% en 2026 y 3.2% en 2027 (ver Grafico II.1.a), 15 Cabe senalar que, en la edicion del World Economic Outlook (WEO) de abril de 2026, el FMI elaboro proyecciones bajo tres escenarios: base, adverso y severo.","Crecimiento economico mundial (variacion porcentual anual). En este contexto, el escenario base de proyeccion del FMI15 considera un crecimiento mundial de 3.1% en 2026 y 3.2% en 2027 (ver),.",II.1,2026-1|II.1,2026-1,21,"SBS - Informe de Estabilidad del Sistema Financiero, Mayo 2026",,cita_explicita,,titulo_mas_oracion
img_002,images/grafico_002_II_2.png,"Grafico II.2: Inflacion global promedio de periodo (Porcentaje, anual)","Inflacion global promedio de periodo (Porcentaje, anual)","El grafico muestra inflacion global promedio de periodo (porcentaje, anual). Segun el reporte, En su escenario base, el FMI proyecta que la inflacion global promedio aumentaria de 4.1% en 2025 a 4.4% en 2026, para luego moderarse a 3.7% en 2027 (ver Grafico II.2), lo que supone una revision al alza de 0.6 pp. en 2026 respecto a enero.","Inflacion global promedio de periodo (porcentaje, anual). En su escenario base, el FMI proyecta que la inflacion global promedio aumentaria de 4.1% en 2025 a 4.4% en 2026, para luego moderarse a 3.7% en 2027 (ver), lo que supone una revision al alza de 0.6 pp. en 2026 respecto a enero.",II.2,2026-1|II.2,2026-1,22,"SBS - Informe de Estabilidad del Sistema Financiero, Mayo 2026",,cita_explicita,,titulo_mas_oracion
img_003,images/grafico_003_II_4.png,Grafico II.4: Producto Bruto Interno y Demanda Interna real,Producto Bruto Interno y Demanda Interna real,"El grafico muestra producto bruto interno y demanda interna real. Segun el reporte, En 2025, la actividad economica fue impulsada por el fuerte dinamismo de la demanda interna (Grafico II.4.a), que crecio 5.6% (su mayor tasa en trece anos, excluyendo el rebote pospandemia), en un contexto de recuperacion del mercado laboral, inflacion dentro del rango meta (1.5% anual al cierre de 2025), expectativas empresariales en terreno optimista y termin...","Producto bruto interno y demanda interna real. En 2025, la actividad economica fue impulsada por el fuerte dinamismo de la demanda interna, que crecio 5.6% (su mayor tasa en trece anos, excluyendo el rebote pospandemia), en un contexto de recuperacion del mercado laboral, inflacion dentro del rango meta (1.5% anual al cierre de 2025), expectativas empresariales en terreno optimista y termin..",II.4,2026-1|II.4,2026-1,25,"SBS - Informe de Estabilidad del Sistema Financiero, Mayo 2026",,cita_explicita,,titulo_mas_oracion
img_004,images/grafico_004_II_5.png,Grafico II.5: Expectativas empresariales (Indice),Expectativas empresariales (Indice),"El grafico muestra expectativas empresariales (indice). Segun el reporte, En particular, el indicador de expectativas de la economia a 3 meses retrocedio a tramo pesimista por primera vez desde mayo de 2024 (Grafico II.5).","Expectativas empresariales (indice). En particular, el indicador de expectativas de la economia a 3 meses retrocedio a tramo pesimista por primera vez desde mayo de 2024.",II.5,2026-1|II.5,2026-1,26,"SBS - Informe de Estabilidad del Sistema Financiero, Mayo 2026",,cita_explicita,,titulo_mas_oracion
img_005,images/grafico_005_II_6.png,Grafico II.6: Indicadores relacionados al mercado laboral,Indicadores relacionados al mercado laboral,"El grafico muestra indicadores relacionados al mercado laboral. Segun el reporte, Entre enero y marzo, los puestos de trabajo en el sector formal privado crecieron 5.4% en terminos anuales (Grafico II.6.a), con especial dinamismo en los sectores agropecuario –con tasas de crecimiento de dos digitos–, construccion, comercio y servicios.","Indicadores relacionados al mercado laboral. Entre enero y marzo, los puestos de trabajo en el sector formal privado crecieron 5.4% en terminos anuales, con especial dinamismo en los sectores agropecuario –con tasas de crecimiento de dos digitos–, construccion, comercio y servicios.",II.6,2026-1|II.6,2026-1,27,"SBS - Informe de Estabilidad del Sistema Financiero, Mayo 2026",,cita_explicita,,titulo_mas_oracion
img_006,images/grafico_006_II_7.png,"Grafico II.7: Inflacion, tasa de interes de referencia y tipo de cambio","Inflacion, tasa de interes de referencia y tipo de cambio","El grafico muestra inflacion, tasa de interes de referencia y tipo de cambio. Segun el reporte, En linea con esta expectativa de reversion de los choques, la autoridad monetaria mantuvo su tasa de interes de referencia en 4.25% en mayo por octavo mes consecutivo, por lo que esta se ubica entre las mas bajas de la region (ver Grafico II.7.b).","Inflacion, tasa de interes de referencia y tipo de cambio. En linea con esta expectativa de reversion de los choques, la autoridad monetaria mantuvo su tasa de interes de referencia en 4.25% en mayo por octavo mes consecutivo, por lo que esta se ubica entre las mas bajas de la region (ver).",II.7,2026-1|II.7,2026-1,28,"SBS - Informe de Estabilidad del Sistema Financiero, Mayo 2026",,cita_explicita,,titulo_mas_oracion
img_007,images/grafico_007_I_A_8.png,Grafico I.A.8: Resumen de los principales riesgos para el sistema financiero,Resumen de los principales riesgos para el sistema financiero,El grafico muestra resumen de los principales riesgos para el sistema financiero.,Resumen de los principales riesgos para el sistema financiero.,I.A.8,2026-1|I.A.8,2026-1,31,"SBS - Informe de Estabilidad del Sistema Financiero, Mayo 2026",,cita_explicita,,titulo_mas_oracion
img_008,images/grafico_008_III_A_1.png,Grafico III.A.1: Sistema financiero: Creditos de consumo,Sistema financiero: Creditos de consumo,"El grafico muestra sistema financiero: creditos de consumo. Segun el reporte, El crecimiento de estos creditos fue mas moderado: los creditos por tarjeta de credito crecieron 4.1%, los creditos por convenios 5.7%, mientras que los creditos vehiculares crecieron en 7.1% (ver Grafico III.A.1.b).","Sistema financiero: creditos de consumo. El crecimiento de estos creditos fue mas moderado: los creditos por tarjeta de credito crecieron 4.1%, los creditos por convenios 5.7%, mientras que los creditos vehiculares crecieron en 7.1% (ver).",III.A.1,2026-1|III.A.1,2026-1,33,"SBS - Informe de Estabilidad del Sistema Financiero, Mayo 2026",,cita_explicita,,titulo_mas_oracion
img_009,images/grafico_009_III_A_2.png,Grafico III.A.2: Indicadores de calidad de cartera y castigos en la cartera de consumo a. Morosidad total y por modalidad b. Ratio de morosidad y ratio de morosidad ajustada (%),Indicadores de calidad de cartera y castigos en la cartera de consumo a. Morosidad total y por modalidad b. Ratio de morosidad y ratio de morosidad ajustada (%),"El grafico muestra indicadores de calidad de cartera y castigos en la cartera de consumo a. morosidad total y por modalidad b. ratio de morosidad y ratio de morosidad ajustada (%). Segun el reporte, La morosidad de la cartera de consumo se situo en 2.7% a marzo 2026, observandose una tendencia a la baja en las modalidades de consumo no revolvente, tarjeta de credito y vehicular (Grafico III.A.2.a.).","Indicadores de calidad de cartera y castigos en la cartera de consumo a. morosidad total y por modalidad b. ratio de morosidad y ratio de morosidad ajustada (%). La morosidad de la cartera de consumo se situo en 2.7% a marzo 2026, observandose una tendencia a la baja en las modalidades de consumo no revolvente, tarjeta de credito y vehicular (.).",III.A.2,2026-1|III.A.2,2026-1,34,"SBS - Informe de Estabilidad del Sistema Financiero, Mayo 2026",,cita_explicita,,titulo_mas_oracion
img_010,images/grafico_010_III_A_3.png,Grafico III.A.3: Expansion reciente del credito de consumo y perfil de riesgo a.Consumo no revolvente: Numero de b.Categorias de riesgo crediticio a los 12 desembolsos por modalidad meses: nuevos deudores 4/ por ano de ingreso al SF,Expansion reciente del credito de consumo y perfil de riesgo a.Consumo no revolvente: Numero de b.Categorias de riesgo crediticio a los 12 desembolsos por modalidad meses: nuevos deudores 4/ por ano de ingreso al SF,"El grafico muestra expansion reciente del credito de consumo y perfil de riesgo a.consumo no revolvente: numero de b.categorias de riesgo crediticio a los 12 desembolsos por modalidad meses: nuevos deudores 4/ por ano de ingreso al sf. Segun el reporte, De este modo, el numero de desembolsos en marzo 2026 fue 4.2 veces mayor que en marzo 2024 (ver Grafico III.A.3.a). De forma consistente, las categorias de mayor riesgo presentan participacione...","Expansion reciente del credito de consumo y perfil de riesgo a.consumo no revolvente: numero de b.categorias de riesgo crediticio a los 12 desembolsos por modalidad meses: nuevos deudores 4/ por ano de ingreso al sf. De este modo, el numero de desembolsos en marzo 2026 fue 4.2 veces mayor que en marzo 2024 (ver). De forma consistente, las categorias de mayor riesgo presentan participacione..",III.A.3,2026-1|III.A.3,2026-1,35,"SBS - Informe de Estabilidad del Sistema Financiero, Mayo 2026",,cita_explicita,,titulo_mas_oracion
img_011,images/grafico_011_III_B_1.png,Grafico III.B.1: Indicadores del sector inmobiliario a. Viviendas nuevas vendidas en Lima b. Precios por m2 de departamentos25,Indicadores del sector inmobiliario a. Viviendas nuevas vendidas en Lima b. Precios por m2 de departamentos25,"El grafico muestra indicadores del sector inmobiliario a. viviendas nuevas vendidas en lima b. precios por m2 de departamentos25. Segun el reporte, Las ventas de viviendas nuevas en Lima Metropolitana alcanzaron niveles record en 2025 y mantuvieron esta tendencia durante el primer trimestre de 2026 (Grafico III.B.1.a), apoyadas en la reduccion gradual de las tasas de interes hipotecarias y en la mejora de la capacidad adquisitiva de los hogare...","Indicadores del sector inmobiliario a. viviendas nuevas vendidas en lima b. precios por m2 de departamentos25. Las ventas de viviendas nuevas en Lima Metropolitana alcanzaron niveles record en 2025 y mantuvieron esta tendencia durante el primer trimestre de 2026, apoyadas en la reduccion gradual de las tasas de interes hipotecarias y en la mejora de la capacidad adquisitiva de los hogare..",III.B.1,2026-1|III.B.1,2026-1,36,"SBS - Informe de Estabilidad del Sistema Financiero, Mayo 2026",,cita_explicita,,titulo_mas_oracion
img_012,images/grafico_012_III_B_2.png,Grafico III.B.2: Creditos hipotecarios en el sistema financiero,Creditos hipotecarios en el sistema financiero,"El grafico muestra creditos hipotecarios en el sistema financiero. Segun el reporte, Los creditos hipotecarios han mantenido tasas de crecimiento anuales positivas desde 2019, resultado que puede haber estado influido por la trayectoria de las tasas de interes, los precios de los inmuebles y el tipo de cambio (Grafico III.B.2.a).","Creditos hipotecarios en el sistema financiero. Los creditos hipotecarios han mantenido tasas de crecimiento anuales positivas desde 2019, resultado que puede haber estado influido por la trayectoria de las tasas de interes, los precios de los inmuebles y el tipo de cambio.",III.B.2,2026-1|III.B.2,2026-1,37,"SBS - Informe de Estabilidad del Sistema Financiero, Mayo 2026",,cita_explicita,,titulo_mas_oracion
img_013,images/grafico_013_III_B_3.png,Grafico III.B.3: Evolucion de indicadores de calidad crediticia de creditos hipotecarios b. Morosidad por tipo de modalidad (%),Evolucion de indicadores de calidad crediticia de creditos hipotecarios b. Morosidad por tipo de modalidad (%),"El grafico muestra evolucion de indicadores de calidad crediticia de creditos hipotecarios b. morosidad por tipo de modalidad (%). Segun el reporte, En terminos anuales, la morosidad total de los creditos hipotecarios se redujo a 2.52%, influenciada por la mayor caida de la morosidad en creditos tradicionales (-0.32 p.p.) que en creditos Mivivienda (-0.31p.p.) (Grafico III.B.3.b).","Evolucion de indicadores de calidad crediticia de creditos hipotecarios b. morosidad por tipo de modalidad (%). En terminos anuales, la morosidad total de los creditos hipotecarios se redujo a 2.52%, influenciada por la mayor caida de la morosidad en creditos tradicionales (-0.32 p.p.) que en creditos Mivivienda (-0.31p.p.).",III.B.3,2026-1|III.B.3,2026-1,38,"SBS - Informe de Estabilidad del Sistema Financiero, Mayo 2026",,cita_explicita,,titulo_mas_oracion
img_014,images/grafico_014_III_B_4.png,Grafico III.B.4: Desembolsos hipotecarios,Desembolsos hipotecarios,"El grafico muestra desembolsos hipotecarios. Segun el reporte, Los desembolsos de creditos tradicionales representaron 90.4% del total de desembolsos en 2025, aunque la participacion de los desembolsos de creditos Mivivienda ha venido incrementandose en los ultimos 12 meses (ver Grafico III.B.4.a).","Desembolsos hipotecarios. Los desembolsos de creditos tradicionales representaron 90.4% del total de desembolsos en 2025, aunque la participacion de los desembolsos de creditos Mivivienda ha venido incrementandose en los ultimos 12 meses (ver).",III.B.4,2026-1|III.B.4,2026-1,38,"SBS - Informe de Estabilidad del Sistema Financiero, Mayo 2026",,cita_explicita,,titulo_mas_oracion
img_015,images/grafico_015_IV_A_1.png,Grafico IV.A.1: Evolucion de la cartera empresarial mayorista y PBI real a. Crecimiento de la cartera empresarial b. Evolucion de la cartera empresarial mayorista por tipo de credito mayorista y PBI real (Var. anual y var. anual en media movil) (En miles de millones de soles y var. anual),Evolucion de la cartera empresarial mayorista y PBI real a. Crecimiento de la cartera empresarial b. Evolucion de la cartera empresarial mayorista por tipo de credito mayorista y PBI real (Var. anual y var. anual en media movil) (En miles de millones de soles y var. anual),"El grafico muestra evolucion de la cartera empresarial mayorista y pbi real a. crecimiento de la cartera empresarial b. evolucion de la cartera empresarial mayorista por tipo de credito mayorista y pbi real (var. anual y var. anual en media movil) (en miles de millones de soles y var. anual). Segun el reporte, En particular el segmento de mediana empresa ha revertido esta tendencia a marzo 2026, alcanzando crecimiento de 2.9% (Grafico IV.A.1).","Evolucion de la cartera empresarial mayorista y pbi real a. crecimiento de la cartera empresarial b. evolucion de la cartera empresarial mayorista por tipo de credito mayorista y pbi real (var. anual y var. anual en media movil) (en miles de millones de soles y var. anual). En particular el segmento de mediana empresa ha revertido esta tendencia a marzo 2026, alcanzando crecimiento de 2.9%.",IV.A.1,2026-1|IV.A.1,2026-1,42,"SBS - Informe de Estabilidad del Sistema Financiero, Mayo 2026",,cita_explicita,,titulo_mas_oracion
img_016,images/grafico_016_IV_A_2.png,Grafico IV.A.2: Crecimiento y morosidad de la cartera mayorista por moneda,Crecimiento y morosidad de la cartera mayorista por moneda,"El grafico muestra crecimiento y morosidad de la cartera mayorista por moneda. Segun el reporte, Por su parte, la cartera empresarial mayorista en moneda nacional ha mostrado una tendencia decreciente en sus variaciones anuales, llegando incluso a registrar una contraccion de -2.0% a noviembre 2025 (Grafico IV.A.2.a).","Crecimiento y morosidad de la cartera mayorista por moneda. Por su parte, la cartera empresarial mayorista en moneda nacional ha mostrado una tendencia decreciente en sus variaciones anuales, llegando incluso a registrar una contraccion de -2.0% a noviembre 2025.",IV.A.2,2026-1|IV.A.2,2026-1,43,"SBS - Informe de Estabilidad del Sistema Financiero, Mayo 2026",,cita_explicita,,titulo_mas_oracion
img_017,images/grafico_017_IV_A_3.png,Grafico IV.A.3: Evolucion de la cartera empresarial mayorista y morosidad por sector economico,Evolucion de la cartera empresarial mayorista y morosidad por sector economico,"El grafico muestra evolucion de la cartera empresarial mayorista y morosidad por sector economico. Segun el reporte, Este comportamiento difiere de la evolucion de la actividad economica en dicho sector (variacion anual en media movil +3.9% a febrero 2026) (Grafico IV.A.3.a).",Evolucion de la cartera empresarial mayorista y morosidad por sector economico. Este comportamiento difiere de la evolucion de la actividad economica en dicho sector (variacion anual en media movil +3.9% a febrero 2026).,IV.A.3,2026-1|IV.A.3,2026-1,44,"SBS - Informe de Estabilidad del Sistema Financiero, Mayo 2026",,cita_explicita,,titulo_mas_oracion
img_018,images/grafico_018_IV_A_4.png,Grafico IV.A.4: Evolucion del RI de los creditos empresariales mayoristas (Porcentaje),Evolucion del RI de los creditos empresariales mayoristas (Porcentaje),"El grafico muestra evolucion del ri de los creditos empresariales mayoristas (porcentaje). Segun el reporte, No obstante, pese a este incremento reciente, el RI aun se mantiene por debajo del pico observado en noviembre 2022 (1.6%) (Grafico IV.A.4).","Evolucion del ri de los creditos empresariales mayoristas (porcentaje). No obstante, pese a este incremento reciente, el RI aun se mantiene por debajo del pico observado en noviembre 2022 (1.6%).",IV.A.4,2026-1|IV.A.4,2026-1,45,"SBS - Informe de Estabilidad del Sistema Financiero, Mayo 2026",,cita_explicita,,titulo_mas_oracion
img_019,images/grafico_019_IV_A_5.png,Grafico IV.A.5: Desembolsos empresariales mayoristas y tasa de interes de referencia a. Monto de creditos desembolsados en b. Monto de creditos desembolsados en moneda extranjera y Tasa de Referencia FED moneda nacional y Tasa de Referencia BCRP (En miles de millones de dolares y porcentaje) (En miles de millones de soles y porcentaje),Desembolsos empresariales mayoristas y tasa de interes de referencia a. Monto de creditos desembolsados en b. Monto de creditos desembolsados en moneda extranjera y Tasa de Referencia FED moneda nacional y Tasa de Referencia BCRP (En miles de millones de dolares y porcentaje) (En miles de millones de soles y porcentaje),"El grafico muestra desembolsos empresariales mayoristas y tasa de interes de referencia a. monto de creditos desembolsados en b. monto de creditos desembolsados en moneda extranjera y tasa de referencia fed moneda nacional y tasa de referencia bcrp (en miles de millones de dolares y porcentaje) (en miles de millones de soles y porcentaje). Segun el reporte, A marzo 2026, el indice a 12 meses se situo en 0.35%, aun distante del pico alcanzado e...","Desembolsos empresariales mayoristas y tasa de interes de referencia a. monto de creditos desembolsados en b. monto de creditos desembolsados en moneda extranjera y tasa de referencia fed moneda nacional y tasa de referencia bcrp (en miles de millones de dolares y porcentaje) (en miles de millones de soles y porcentaje). A marzo 2026, el indice a 12 meses se situo en 0.35%, aun distante del pico alcanzado e..",IV.A.5,2026-1|IV.A.5,2026-1,46,"SBS - Informe de Estabilidad del Sistema Financiero, Mayo 2026",,cita_explicita,,titulo_mas_oracion
img_020,images/grafico_020_IV_A_6.png,Grafico IV.A.6: Cosechas de creditos empresariales mayoristas a 6 y 12 meses32,Cosechas de creditos empresariales mayoristas a 6 y 12 meses32,"El grafico muestra cosechas de creditos empresariales mayoristas a 6 y 12 meses32. Segun el reporte, Sin embargo, la informacion disponible no es suficiente para verificar si se trata de un cambio de tendencia. Grafico IV.A.6 Cosechas de creditos empresariales mayoristas a 6 y 12 meses32 Fuente: SBS IV.B.","Cosechas de creditos empresariales mayoristas a 6 y 12 meses32. Sin embargo, la informacion disponible no es suficiente para verificar si se trata de un cambio de tendencia. Cosechas de creditos empresariales mayoristas a 6 y 12 meses32 Fuente: SBS IV.B.",IV.A.6,2026-1|IV.A.6,2026-1,46,"SBS - Informe de Estabilidad del Sistema Financiero, Mayo 2026",,cita_explicita,,titulo_mas_oracion
img_021,images/grafico_021_IV_B_1.png,Grafico IV.B.1: Evolucion de cartera empresarial minorista y PBI real a. Crecimiento de la cartera empresarial b. Evolucion de la cartera empresarial minorista por tipo de credito minorista y PBI real (En miles de millones de soles y variacion (Variacion anual y variacion anual en media anual) movil),Evolucion de cartera empresarial minorista y PBI real a. Crecimiento de la cartera empresarial b. Evolucion de la cartera empresarial minorista por tipo de credito minorista y PBI real (En miles de millones de soles y variacion (Variacion anual y variacion anual en media anual) movil),"El grafico muestra evolucion de cartera empresarial minorista y pbi real a. crecimiento de la cartera empresarial b. evolucion de la cartera empresarial minorista por tipo de credito minorista y pbi real (en miles de millones de soles y variacion (variacion anual y variacion anual en media anual) movil). Segun el reporte, De modo que, los creditos a la pequena empresa crecieron 12.0%, representando 90% del saldo del portafolio empresarial mino...","Evolucion de cartera empresarial minorista y pbi real a. crecimiento de la cartera empresarial b. evolucion de la cartera empresarial minorista por tipo de credito minorista y pbi real (en miles de millones de soles y variacion (variacion anual y variacion anual en media anual) movil). De modo que, los creditos a la pequena empresa crecieron 12.0%, representando 90% del saldo del portafolio empresarial mino..",IV.B.1,2026-1|IV.B.1,2026-1,47,"SBS - Informe de Estabilidad del Sistema Financiero, Mayo 2026",,cita_explicita,,titulo_mas_oracion
img_022,images/grafico_022_IV_B_2.png,"Grafico IV.B.2: Participacion y morosidad de creditos minoristas y morosidad por sector economico (Porcentaje, a marzo 2026)","Participacion y morosidad de creditos minoristas y morosidad por sector economico (Porcentaje, a marzo 2026)","El grafico muestra participacion y morosidad de creditos minoristas y morosidad por sector economico (porcentaje, a marzo 2026). Segun el reporte, Estos sectores en conjunto representan el 13.3% del portafolio empresarial minorista a marzo 2026, por lo cual tienen un impacto limitado en el portafolio (Grafico IV.B.2). -12 -8 -4 0 4 8 12 16 -15 -7 1 9 17 25 33 41 Mar-20 Mar-21 Mar-22 Mar-23 Mar-24 Mar-25 Mar-26 Var.","Participacion y morosidad de creditos minoristas y morosidad por sector economico (porcentaje, a marzo 2026). Estos sectores en conjunto representan el 13.3% del portafolio empresarial minorista a marzo 2026, por lo cual tienen un impacto limitado en el portafolio. -12 -8 -4 0 4 8 12 16 -15 -7 1 9 17 25 33.",IV.B.2,2026-1|IV.B.2,2026-1,48,"SBS - Informe de Estabilidad del Sistema Financiero, Mayo 2026",,cita_explicita,,titulo_mas_oracion
img_023,images/grafico_023_IV_B_3.png,Grafico IV.B.3: Evolucion del ratio CAR y cobertura de provisiones de la cartera empresarial minorista (En porcentaje),Evolucion del ratio CAR y cobertura de provisiones de la cartera empresarial minorista (En porcentaje),"El grafico muestra evolucion del ratio car y cobertura de provisiones de la cartera empresarial minorista (en porcentaje). Segun el reporte, En particular, a marzo 2026, dicho indicador se redujo en 2.3 pp. comparado con el mismo periodo del ano anterior, siguiendo la tendencia decreciente que venia registrando desde mayo 2024 y ubicandose en 10.2 % a marzo 2026, nivel inferior incluso a los valores registrados durante la pandemia (Grafico IV....","Evolucion del ratio car y cobertura de provisiones de la cartera empresarial minorista (en porcentaje). En particular, a marzo 2026, dicho indicador se redujo en 2.3 pp. comparado con el mismo periodo del ano anterior, siguiendo la tendencia decreciente que venia registrando desde mayo 2024 y ubicandose en 10.2 % a marzo 2026, nivel inferior incluso a los valores registrados durante la pandemia.",IV.B.3,2026-1|IV.B.3,2026-1,48,"SBS - Informe de Estabilidad del Sistema Financiero, Mayo 2026",,cita_explicita,,titulo_mas_oracion
img_024,images/grafico_024_IV_B_4.png,Grafico IV.B.4: RI y cosechas de los creditos empresariales minoristas,RI y cosechas de los creditos empresariales minoristas,"El grafico muestra ri y cosechas de los creditos empresariales minoristas. Segun el reporte, No obstante, continua siendo significativamente mayor que el de la cartera empresarial mayorista (+6.2 pp.), lo cual refleja las diferencias en formalidad y disponibilidad de informacion financiera entre ambas carteras y, en consecuencia, su distinto perfil de riesgo crediticio (Grafico IV.B.4.a).","Ri y cosechas de los creditos empresariales minoristas. No obstante, continua siendo significativamente mayor que el de la cartera empresarial mayorista (+6.2 pp.), lo cual refleja las diferencias en formalidad y disponibilidad de informacion financiera entre ambas carteras y, en consecuencia, su distinto perfil de riesgo crediticio.",IV.B.4,2026-1|IV.B.4,2026-1,49,"SBS - Informe de Estabilidad del Sistema Financiero, Mayo 2026",,cita_explicita,,titulo_mas_oracion
img_025,images/grafico_025_IV_B_5.png,Grafico IV.B.5: Mapa de calor por RI y participacion a nivel departamental (En porcentaje),Mapa de calor por RI y participacion a nivel departamental (En porcentaje),"El grafico muestra mapa de calor por ri y participacion a nivel departamental (en porcentaje). Segun el reporte, Asimismo, los sectores Manufactura y Comercio son los que registran el mayor crecimiento en el desembolso promedio durante ultimos dos anos39.","Mapa de calor por ri y participacion a nivel departamental (en porcentaje). Asimismo, los sectores Manufactura y Comercio son los que registran el mayor crecimiento en el desembolso promedio durante ultimos dos anos39.",IV.B.5,2026-1|IV.B.5,2026-1,50,"SBS - Informe de Estabilidad del Sistema Financiero, Mayo 2026",,cita_explicita,,titulo_mas_oracion
img_026,images/grafico_026_IV_B_6.png,Grafico IV.B.6: Desembolsos y castigos empresariales minoristas a. Monto de creditos desembolsados y b. Flujo anual castigado desembolso promedio (En miles de millones) (En miles de millones y miles de soles),Desembolsos y castigos empresariales minoristas a. Monto de creditos desembolsados y b. Flujo anual castigado desembolso promedio (En miles de millones) (En miles de millones y miles de soles),"El grafico muestra desembolsos y castigos empresariales minoristas a. monto de creditos desembolsados y b. flujo anual castigado desembolso promedio (en miles de millones) (en miles de millones y miles de soles). Segun el reporte, Por su parte, el departamento de Lima resalta por presentar una alta concentracion de la cartera MYPE (37.2%) aunque su nivel de riesgo se mantiene en un nivel medio comparado con los otros departamentos (RI de 6.6% ...","Desembolsos y castigos empresariales minoristas a. monto de creditos desembolsados y b. flujo anual castigado desembolso promedio (en miles de millones) (en miles de millones y miles de soles). Por su parte, el departamento de Lima resalta por presentar una alta concentracion de la cartera MYPE (37.2%) aunque su nivel de riesgo se mantiene en un nivel medio comparado con los otros departamentos (RI de 6.6%..",IV.B.6,2026-1|IV.B.6,2026-1,51,"SBS - Informe de Estabilidad del Sistema Financiero, Mayo 2026",,cita_explicita,,titulo_mas_oracion
img_027,images/grafico_027_V_1.png,Grafico V.1: Activos del sistema financiero b. Contribucion al crecimiento de activos a. Activos y PBI (Miles de millones de soles; Variacion % anual) (Variacion % anual),Activos del sistema financiero b. Contribucion al crecimiento de activos a. Activos y PBI (Miles de millones de soles; Variacion % anual) (Variacion % anual),"El grafico muestra activos del sistema financiero b. contribucion al crecimiento de activos a. activos y pbi (miles de millones de soles; variacion % anual) (variacion % anual). Segun el reporte, Este crecimiento en los activos es explicado, principalmente, por la evolucion de los creditos (+5.9% anual) y del disponible (+19.1% anual), lo cual evidencia suficiente liquidez para acompanar una mayor demanda por creditos (Grafico V.1).","Activos del sistema financiero b. contribucion al crecimiento de activos a. activos y pbi (miles de millones de soles; variacion % anual) (variacion % anual). Este crecimiento en los activos es explicado, principalmente, por la evolucion de los creditos (+5.9% anual) y del disponible (+19.1% anual), lo cual evidencia suficiente liquidez para acompanar una mayor demanda por creditos.",V.1,2026-1|V.1,2026-1,52,"SBS - Informe de Estabilidad del Sistema Financiero, Mayo 2026",,cita_explicita,,titulo_mas_oracion
img_028,images/grafico_028_V_2.png,Grafico V.2: Creditos directos del sistema financiero b. Creditos segun grupo par a. Contribucion al crecimiento de creditos (Variacion % anual) (Variacion % anual),Creditos directos del sistema financiero b. Creditos segun grupo par a. Contribucion al crecimiento de creditos (Variacion % anual) (Variacion % anual),"El grafico muestra creditos directos del sistema financiero b. creditos segun grupo par a. contribucion al crecimiento de creditos (variacion % anual) (variacion % anual). Segun el reporte, Las colocaciones al segmento de actividades empresariales crecieron 4.8% en el ultimo ano hasta situarse en S/ 269 591 millones (60% de la cartera total) a marzo 2026 (Grafico V.2.a).",Creditos directos del sistema financiero b. creditos segun grupo par a. contribucion al crecimiento de creditos (variacion % anual) (variacion % anual). Las colocaciones al segmento de actividades empresariales crecieron 4.8% en el ultimo ano hasta situarse en S/ 269 591 millones (60% de la cartera total) a marzo 2026.,V.2,2026-1|V.2,2026-1,53,"SBS - Informe de Estabilidad del Sistema Financiero, Mayo 2026",,cita_explicita,,titulo_mas_oracion
img_029,images/grafico_029_V_3.png,Grafico V.3: Depositos del Sistema Financiero,Depositos del Sistema Financiero,"El grafico muestra depositos del sistema financiero. Segun el reporte, Cabe mencionar que el 15% restante del financiamiento es explicado por obligaciones en circulacion, cuentas por pagar, depositos del sistema financiero, entre otros (Grafico V.3).","Depositos del sistema financiero. Cabe mencionar que el 15% restante del financiamiento es explicado por obligaciones en circulacion, cuentas por pagar, depositos del sistema financiero, entre otros.",V.3,2026-1|V.3,2026-1,54,"SBS - Informe de Estabilidad del Sistema Financiero, Mayo 2026",,cita_explicita,,titulo_mas_oracion
img_030,images/grafico_030_V_4.png,"Grafico V.4: Calidad crediticia a. Morosidad, CAR y Mora Ajustada b. Morosidad y RI (Porcentaje) (Porcentaje)","Calidad crediticia a. Morosidad, CAR y Mora Ajustada b. Morosidad y RI (Porcentaje) (Porcentaje)","El grafico muestra calidad crediticia a. morosidad, car y mora ajustada b. morosidad y ri (porcentaje) (porcentaje). Segun el reporte, En tanto, segun el estandar internacional que define los creditos atrasados como aquellos creditos con mas de 90 dias de atraso, la morosidad del sistema financiero seria de 2.9% (-0.6 pp. anual) (Grafico V.4).","Calidad crediticia a. morosidad, car y mora ajustada b. morosidad y ri (porcentaje) (porcentaje). En tanto, segun el estandar internacional que define los creditos atrasados como aquellos creditos con mas de 90 dias de atraso, la morosidad del sistema financiero seria de 2.9% (-0.6 pp. anual).",V.4,2026-1|V.4,2026-1,54,"SBS - Informe de Estabilidad del Sistema Financiero, Mayo 2026",,cita_explicita,,titulo_mas_oracion
img_031,images/grafico_031_V_5.png,"Grafico V.5: Provisiones y Rentabilidad a. Margen financiero, gasto de provisiones, ROA y ROE b. Saldo de Provisiones e indicador de cobertura (Millones de soles; Porcentaje) (Porcentaje)","Provisiones y Rentabilidad a. Margen financiero, gasto de provisiones, ROA y ROE b. Saldo de Provisiones e indicador de cobertura (Millones de soles; Porcentaje) (Porcentaje)","El grafico muestra provisiones y rentabilidad a. margen financiero, gasto de provisiones, roa y roe b. saldo de provisiones e indicador de cobertura (millones de soles; porcentaje) (porcentaje). Segun el reporte, Cabe senalar que, el aumento en la rentabilidad del ultimo ano se registro en todos los grupos pares, destacando el incremento del ROE de las EEMYPE que se ubico en 20.9% en marzo ultimo, muy cercano al ratio de los bancos grandes. Gr...","Provisiones y rentabilidad a. margen financiero, gasto de provisiones, roa y roe b. saldo de provisiones e indicador de cobertura (millones de soles; porcentaje) (porcentaje). Cabe senalar que, el aumento en la rentabilidad del ultimo ano se registro en todos los grupos pares, destacando el incremento del ROE de las EEMYPE que se ubico en 20.9% en marzo ultimo, muy cercano al ratio de los bancos grandes. Gr..",V.5,2026-1|V.5,2026-1,55,"SBS - Informe de Estabilidad del Sistema Financiero, Mayo 2026",,cita_explicita,,titulo_mas_oracion
img_032,images/grafico_032_V_6.png,Grafico V.6: Solvencia y Liquidez a. Ratios de Capital Global y Ratio CET1 b. Ratios de Cobertura de Liquidez (Porcentaje) (Porcentaje),Solvencia y Liquidez a. Ratios de Capital Global y Ratio CET1 b. Ratios de Cobertura de Liquidez (Porcentaje) (Porcentaje),"El grafico muestra solvencia y liquidez a. ratios de capital global y ratio cet1 b. ratios de cobertura de liquidez (porcentaje) (porcentaje). Segun el reporte, Por su parte, los ratios de cobertura de liquidez en moneda nacional y en moneda extranjera (que miden la capacidad de las entidades financieras para enfrentar necesidades de liquidez en situacion de estres en un horizonte de 30 dias) se encontraron tambien muy por encima de los minimo...","Solvencia y liquidez a. ratios de capital global y ratio cet1 b. ratios de cobertura de liquidez (porcentaje) (porcentaje). Por su parte, los ratios de cobertura de liquidez en moneda nacional y en moneda extranjera (que miden la capacidad de las entidades financieras para enfrentar necesidades de liquidez en situacion de estres en un horizonte de 30 dias) se encontraron tambien muy por encima de los minimo..",V.6,2026-1|V.6,2026-1,56,"SBS - Informe de Estabilidad del Sistema Financiero, Mayo 2026",,cita_explicita,,titulo_mas_oracion
img_033,images/grafico_033_VI_A_1.png,Grafico VI.A.1: Sistema financiero privado: Probabilidad de incumplimiento segun tipo de credito y escenario (Porcentajes) a. Empresarial mayorista b. Hipotecario,Sistema financiero privado: Probabilidad de incumplimiento segun tipo de credito y escenario (Porcentajes) a. Empresarial mayorista b. Hipotecario,"El grafico muestra sistema financiero privado: probabilidad de incumplimiento segun tipo de credito y escenario (porcentajes) a. empresarial mayorista b. hipotecario. Segun el reporte, El Grafico VI.A.1 presenta las proyecciones del RI por tipo de credito y escenario macroeconomico para el sistema financiero privado.",Sistema financiero privado: probabilidad de incumplimiento segun tipo de credito y escenario (porcentajes) a. empresarial mayorista b. hipotecario. El presenta las proyecciones del RI por tipo de credito y escenario macroeconomico para el sistema financiero privado.,VI.A.1,2026-1|VI.A.1,2026-1,60,"SBS - Informe de Estabilidad del Sistema Financiero, Mayo 2026",,cita_explicita,,titulo_mas_oracion
img_034,images/grafico_034_VI_A_2.png,"Grafico VI.A.2: Sistema financiero privado: RI, ratio CET1 y ratio de capital global segun escenario (En porcentaje) a. Ratio de incumplimiento","Sistema financiero privado: RI, ratio CET1 y ratio de capital global segun escenario (En porcentaje) a. Ratio de incumplimiento","El grafico muestra sistema financiero privado: ri, ratio cet1 y ratio de capital global segun escenario (en porcentaje) a. ratio de incumplimiento. Segun el reporte, Considera las instituciones financieras privadas en operacion a mayo 2026.","Sistema financiero privado: ri, ratio cet1 y ratio de capital global segun escenario (en porcentaje) a. ratio de incumplimiento. Considera las instituciones financieras privadas en operacion a mayo 2026.",VI.A.2,2026-1|VI.A.2,2026-1,61,"SBS - Informe de Estabilidad del Sistema Financiero, Mayo 2026",,cita_explicita,,titulo_mas_oracion
img_035,images/grafico_035_VI_B_1.png,Grafico VI.B.1: Ganancias en Riesgo (GeR) y Valor Patrimonial en Riesgo (VPR) (% del patrimonio efectivo) a. GeR b. VPR,Ganancias en Riesgo (GeR) y Valor Patrimonial en Riesgo (VPR) (% del patrimonio efectivo) a. GeR b. VPR,"El grafico muestra ganancias en riesgo (ger) y valor patrimonial en riesgo (vpr) (% del patrimonio efectivo) a. ger b. vpr. Segun el reporte, El limite prudencial del GER se establece en Circular N° B-2087-2001 “Administracion del riesgo de tasa de interes y presentacion del Anexo No 7”, y del VPR en la Resolucion SBS N° 3953-2022, “Reglamento para el Requerimiento de Patrimonio Efectivo por Riesgos Adicionales”. 57 Dentro de banca estatal se ...","Ganancias en riesgo (ger) y valor patrimonial en riesgo (vpr) (% del patrimonio efectivo) a. ger b. vpr. El limite prudencial del GER se establece en Circular N° B-2087-2001 “Administracion del riesgo de tasa de interes y presentacion del Anexo No 7”, y del VPR en la Resolucion SBS N° 3953-2022, “Reglamento para el Requerimiento de Patrimonio Efectivo por Riesgos Adicionales”.",VI.B.1,2026-1|VI.B.1,2026-1,65,"SBS - Informe de Estabilidad del Sistema Financiero, Mayo 2026",,cita_explicita,,titulo_mas_oracion
img_036,images/grafico_036_VI_C_1.png,Grafico VI.C.1: Sistema financiero privado: Indicadores de liquidez,Sistema financiero privado: Indicadores de liquidez,"El grafico muestra sistema financiero privado: indicadores de liquidez. Segun el reporte, Los resultados del ejercicio de estres de liquidez a un ano muestran que, en el escenario severamente adverso, en los horizontes de uno y tres meses –en los que se concentra la salida de depositos– las entidades en su conjunto poseen brechas acumuladas positivas que ascienden en promedio a 7.8% y 5.1% del total de pasivos del sistema financiero privado, r...","Sistema financiero privado: indicadores de liquidez. Los resultados del ejercicio de estres de liquidez a un ano muestran que, en el escenario severamente adverso, en los horizontes de uno y tres meses –en los que se concentra la salida de depositos– las entidades en su conjunto poseen brechas acumuladas positivas que ascienden en promedio a 7.8% y 5.1% del total de pasivos del sistema financiero privado, r..",VI.C.1,2026-1|VI.C.1,2026-1,67,"SBS - Informe de Estabilidad del Sistema Financiero, Mayo 2026",,cita_explicita,,titulo_mas_oracion
img_037,images/grafico_037_VII_A_1.png,"Grafico VII.A.1: Evolucion del PBI, de los creditos PN y del numero de bancarizados PN* (variacion % anual)","Evolucion del PBI, de los creditos PN y del numero de bancarizados PN* (variacion % anual)","El grafico muestra evolucion del pbi, de los creditos pn y del numero de bancarizados pn* (variacion % anual). Segun el reporte, Segun el Grafico VII.A.1, el PBI y el ingreso de nuevos deudores al sistema lideraron la recuperacion tras la contraccion de 2020, cuyas variaciones anuales alcanzaron un pico en febrero de 2022.","Evolucion del pbi, de los creditos pn y del numero de bancarizados pn* (variacion % anual). Segun el, el PBI y el ingreso de nuevos deudores al sistema lideraron la recuperacion tras la contraccion de 2020, cuyas variaciones anuales alcanzaron un pico en febrero de 2022.",VII.A.1,2026-1|VII.A.1,2026-1,68,"SBS - Informe de Estabilidad del Sistema Financiero, Mayo 2026",,cita_explicita,,titulo_mas_oracion
img_038,images/grafico_038_VII_A_2.png,Grafico VII.A.2: Evolucion de numero de deudores b. Numero de bancarizados por tipo de a. Evolucion del numero de deudores antiguos y bancarizados credito,Evolucion de numero de deudores b. Numero de bancarizados por tipo de a. Evolucion del numero de deudores antiguos y bancarizados credito,"El grafico muestra evolucion de numero de deudores b. numero de bancarizados por tipo de a. evolucion del numero de deudores antiguos y bancarizados credito. Segun el reporte, Antes del 2019, esta participacion no habia superado el 65%. Grafico VII.A.2 Evolucion de numero de deudores a.","Evolucion de numero de deudores b. numero de bancarizados por tipo de a. evolucion del numero de deudores antiguos y bancarizados credito. Antes del 2019, esta participacion no habia superado el 65%. Evolucion de numero de deudores a.",VII.A.2,2026-1|VII.A.2,2026-1,68,"SBS - Informe de Estabilidad del Sistema Financiero, Mayo 2026",,cita_explicita,,titulo_mas_oracion
img_039,images/grafico_039_VII_A_3.png,"Grafico VII.A.3: Evolucion del saldo promedio anual de bancarizados PN y del stock de deudores, por tipo de credito (miles de soles)","Evolucion del saldo promedio anual de bancarizados PN y del stock de deudores, por tipo de credito (miles de soles)","El grafico muestra evolucion del saldo promedio anual de bancarizados pn y del stock de deudores, por tipo de credito (miles de soles). Segun el reporte, Respecto al credito hipotecario, el saldo promedio de credito de los bancarizados y del total de deudores PN es similar, y en ambos casos registro un crecimiento cercano al 40% entre 2017 y 2025. Grafico VII.A.3 Evolucion del saldo promedio anual de bancarizados PN y del stock de deudores, po...","Evolucion del saldo promedio anual de bancarizados pn y del stock de deudores, por tipo de credito (miles de soles). Respecto al credito hipotecario, el saldo promedio de credito de los bancarizados y del total de deudores PN es similar, y en ambos casos registro un crecimiento cercano al 40% entre 2017 y 2025. Evolucion del saldo promedio anual de bancarizados PN y del stock de deudores, po..",VII.A.3,2026-1|VII.A.3,2026-1,69,"SBS - Informe de Estabilidad del Sistema Financiero, Mayo 2026",,cita_explicita,,titulo_mas_oracion
